Record Length,2500,Points,-269.99998954E-6,18.0000000,
Sample Interval,200.00000234E-9,s,-269.79998802E-6,20.0000000,
Trigger Point,1.3500000E3,Samples,-269.59998650E-6,22.00000000,
,,,-269.39998497E-6,22.00000000,
,,,-269.19998345E-6,24.00000000,
,,,-268.99998193E-6,24.00000000,
Source,CH2,,-268.79998040E-6,24.00000000,
Vertical Units,Volts,,-268.59997888E-6,24.00000000,
Vertical Scale,50.00000000,,-268.39997736E-6,26.00000000,
Vertical Offset,0,,-268.19997584E-6,26.00000000,
Horizontal Units,s,,-268.00000342E-6,28.00000000,
Horizontal Scale,50.00000058E-6,,-267.80000189E-6,26.00000000,
Pt Fmt,Y,,-267.60000037E-6,28.00000000,
Yzero,880.000000000E-3,,-267.39999885E-6,28.00000000,
Probe Atten,10.0000000,,-267.19999732E-6,28.00000000,
,,,-266.99999580E-6,30.00000000,
Note, - 6:28:10 p. m.   11/03/2021,,-266.79999428E-6,30.00000000,
,,,-266.59999276E-6,32.00000000,
,,,-266.39999123E-6,30.00000000,
,,,-266.19998971E-6,30.00000000,
,,,-265.99998819E-6,30.00000000,
,,,-265.79998666E-6,34.00000000,
,,,-265.59998514E-6,30.00000000,
,,,-265.39998362E-6,32.00000000,
,,,-265.19998210E-6,34.00000000,
,,,-264.99998057E-6,36.00000000,
,,,-264.79997905E-6,34.00000000,
,,,-264.59997753E-6,36.00000000,
,,,-264.39997600E-6,36.00000000,
,,,-264.20000358E-6,36.00000000,
,,,-264.00000206E-6,38.00000000,
,,,-263.80000054E-6,36.00000000,
,,,-263.59999902E-6,38.00000000,
,,,-263.39999749E-6,38.00000000,
,,,-263.19999597E-6,40.00000000,
,,,-262.99999445E-6,40.00000000,
,,,-262.79999292E-6,42.00000000,
,,,-262.59999140E-6,40.00000000,
,,,-262.39998988E-6,42.00000000,
,,,-262.19998836E-6,42.00000000,
,,,-261.99998683E-6,44.00000000,
,,,-261.79998531E-6,42.00000000,
,,,-261.59998379E-6,42.00000000,
,,,-261.39998226E-6,46.00000000,
,,,-261.19998074E-6,42.00000000,
,,,-260.99997922E-6,46.00000000,
,,,-260.79997770E-6,48.00000000,
,,,-260.59997617E-6,46.00000000,
,,,-260.40000375E-6,46.00000000,
,,,-260.20000223E-6,48.00000000,
,,,-260.00000071E-6,48.00000000,
,,,-259.79999918E-6,48.00000000,
,,,-259.59999766E-6,50.00000000,
,,,-259.39999614E-6,50.00000000,
,,,-259.19999462E-6,50.00000000,
,,,-258.99999309E-6,54.00000000,
,,,-258.79999157E-6,52.00000000,
,,,-258.59999005E-6,54.00000000,
,,,-258.39998852E-6,52.00000000,
,,,-258.19998700E-6,54.00000000,
,,,-257.99998548E-6,54.00000000,
,,,-257.79998396E-6,54.00000000,
,,,-257.59998243E-6,56.000000000,
,,,-257.39998091E-6,54.00000000,
,,,-257.19997939E-6,56.000000000,
,,,-256.99997786E-6,54.00000000,
,,,-256.79997634E-6,58.000000000,
,,,-256.60000392E-6,56.000000000,
,,,-256.40000240E-6,58.000000000,
,,,-256.20000088E-6,58.000000000,
,,,-255.99999935E-6,60.000000000,
,,,-255.79999783E-6,60.000000000,
,,,-255.59999631E-6,60.000000000,
,,,-255.39999478E-6,62.000000000,
,,,-255.19999326E-6,62.000000000,
,,,-254.99999174E-6,62.000000000,
,,,-254.79999022E-6,64.000000000,
,,,-254.59998869E-6,62.000000000,
,,,-254.39998717E-6,62.000000000,
,,,-254.19998565E-6,66.000000000,
,,,-253.99998412E-6,64.000000000,
,,,-253.79998260E-6,66.000000000,
,,,-253.59998108E-6,66.000000000,
,,,-253.39997956E-6,68.000000000,
,,,-253.19997803E-6,66.000000000,
,,,-252.99997651E-6,68.000000000,
,,,-252.79997499E-6,68.000000000,
,,,-252.60000257E-6,70.000000000,
,,,-252.40000105E-6,70.000000000,
,,,-252.19999952E-6,72.000000000,
,,,-251.99999800E-6,70.000000000,
,,,-251.79999648E-6,72.000000000,
,,,-251.59999495E-6,72.000000000,
,,,-251.39999343E-6,72.000000000,
,,,-251.19999191E-6,74.000000000,
,,,-250.99999039E-6,74.000000000,
,,,-250.79998886E-6,72.000000000,
,,,-250.59998734E-6,74.000000000,
,,,-250.39998582E-6,76.000000000,
,,,-250.19998429E-6,76.000000000,
,,,-249.99998277E-6,76.000000000,
,,,-249.79998125E-6,76.000000000,
,,,-249.59997972E-6,78.000000000,
,,,-249.39997820E-6,80.000000000,
,,,-249.19997668E-6,80.000000000,
,,,-248.99997516E-6,80.000000000,
,,,-248.80000274E-6,80.000000000,
,,,-248.60000121E-6,82.000000000,
,,,-248.39999969E-6,82.000000000,
,,,-248.19999817E-6,82.000000000,
,,,-247.99999665E-6,82.000000000,
,,,-247.79999512E-6,84.000000000,
,,,-247.59999360E-6,82.000000000,
,,,-247.39999208E-6,84.000000000,
,,,-247.19999055E-6,84.000000000,
,,,-246.99998903E-6,84.000000000,
,,,-246.79998751E-6,86.000000000,
,,,-246.59998599E-6,86.000000000,
,,,-246.39998446E-6,88.000000000,
,,,-246.19998294E-6,86.000000000,
,,,-245.99998142E-6,88.000000000,
,,,-245.79997989E-6,88.000000000,
,,,-245.59997837E-6,88.000000000,
,,,-245.39997685E-6,88.000000000,
,,,-245.19997532E-6,92.000000000,
,,,-245.00000291E-6,92.000000000,
,,,-244.80000138E-6,92.000000000,
,,,-244.59999986E-6,92.000000000,
,,,-244.39999834E-6,94.000000000,
,,,-244.19999681E-6,94.000000000,
,,,-243.99999529E-6,94.000000000,
,,,-243.79999377E-6,96.000000000,
,,,-243.59999225E-6,96.000000000,
,,,-243.39999072E-6,94.000000000,
,,,-243.19998920E-6,98.000000000,
,,,-242.99998768E-6,96.000000000,
,,,-242.79998615E-6,96.000000000,
,,,-242.59998463E-6,100.0000000,
,,,-242.39998311E-6,98.000000000,
,,,-242.19999614E-6,100.0000000,
,,,-241.99999461E-6,100.0000000,
,,,-241.79999309E-6,100.0000000,
,,,-241.59999157E-6,102.0000000,
,,,-241.39999005E-6,100.0000000,
,,,-241.19998852E-6,102.0000000,
,,,-240.99998700E-6,102.0000000,
,,,-240.79998548E-6,102.0000000,
,,,-240.59998395E-6,100.0000000,
,,,-240.39998243E-6,104.0000000,
,,,-240.19999546E-6,104.0000000,
,,,-239.99999394E-6,104.0000000,
,,,-239.79999241E-6,106.0000000,
,,,-239.59999089E-6,108.0000000,
,,,-239.39998937E-6,106.0000000,
,,,-239.19998785E-6,108.0000000,
,,,-238.99998632E-6,108.0000000,
,,,-238.79998480E-6,108.0000000,
,,,-238.59998328E-6,110.0000000,
,,,-238.39999631E-6,110.0000000,
,,,-238.19999478E-6,110.0000000,
,,,-237.99999326E-6,112.0000000,
,,,-237.79999174E-6,112.0000000,
,,,-237.59999021E-6,110.0000000,
,,,-237.39998869E-6,112.0000000,
,,,-237.19998717E-6,114.0000000,
,,,-236.99998565E-6,114.0000000,
,,,-236.79998412E-6,112.0000000,
,,,-236.59998260E-6,112.0000000,
,,,-236.39999563E-6,114.0000000,
,,,-236.19999411E-6,116.0000000,
,,,-235.99999258E-6,116.0000000,
,,,-235.79999106E-6,116.0000000,
,,,-235.59998954E-6,116.0000000,
,,,-235.39998801E-6,118.0000000,
,,,-235.19998649E-6,118.0000000,
,,,-234.99998497E-6,118.0000000,
,,,-234.79998345E-6,118.0000000,
,,,-234.59998192E-6,116.0000000,
,,,-234.39999495E-6,118.0000000,
,,,-234.19999343E-6,120.0000000,
,,,-233.99999191E-6,118.0000000,
,,,-233.79999038E-6,120.0000000,
,,,-233.59998886E-6,120.0000000,
,,,-233.39998734E-6,120.0000000,
,,,-233.19998581E-6,120.0000000,
,,,-232.99998429E-6,120.0000000,
,,,-232.79998277E-6,120.0000000,
,,,-232.59999580E-6,120.0000000,
,,,-232.39999427E-6,122.0000000,
,,,-232.19999275E-6,120.0000000,
,,,-231.99999123E-6,122.0000000,
,,,-231.79998971E-6,122.0000000,
,,,-231.59998818E-6,122.0000000,
,,,-231.39998666E-6,120.0000000,
,,,-231.19998514E-6,122.0000000,
,,,-230.99998361E-6,122.0000000,
,,,-230.79998209E-6,122.0000000,
,,,-230.59999512E-6,122.0000000,
,,,-230.39999360E-6,122.0000000,
,,,-230.19999207E-6,124.0000000,
,,,-229.99999055E-6,124.0000000,
,,,-229.79998903E-6,122.0000000,
,,,-229.59998751E-6,122.0000000,
,,,-229.39998598E-6,124.0000000,
,,,-229.19998446E-6,124.0000000,
,,,-228.99998294E-6,120.0000000,
,,,-228.79999597E-6,124.0000000,
,,,-228.59999444E-6,124.0000000,
,,,-228.39999292E-6,124.0000000,
,,,-228.19999140E-6,124.0000000,
,,,-227.99998987E-6,124.0000000,
,,,-227.79998835E-6,124.0000000,
,,,-227.59998683E-6,124.0000000,
,,,-227.39998531E-6,124.0000000,
,,,-227.19998378E-6,124.0000000,
,,,-226.99998226E-6,124.0000000,
,,,-226.79999529E-6,124.0000000,
,,,-226.59999377E-6,122.0000000,
,,,-226.39999224E-6,124.0000000,
,,,-226.19999072E-6,124.0000000,
,,,-225.99998920E-6,122.0000000,
,,,-225.79998767E-6,124.0000000,
,,,-225.59998615E-6,122.0000000,
,,,-225.39998463E-6,124.0000000,
,,,-225.19998311E-6,124.0000000,
,,,-224.99999614E-6,124.0000000,
,,,-224.79999461E-6,124.0000000,
,,,-224.59999309E-6,124.0000000,
,,,-224.39999157E-6,124.0000000,
,,,-224.19999004E-6,124.0000000,
,,,-223.99998852E-6,124.0000000,
,,,-223.79998700E-6,124.0000000,
,,,-223.59998547E-6,124.0000000,
,,,-223.39998395E-6,126.0000000,
,,,-223.19998243E-6,122.0000000,
,,,-222.99999546E-6,122.0000000,
,,,-222.79999394E-6,124.0000000,
,,,-222.59999241E-6,124.0000000,
,,,-222.39999089E-6,124.0000000,
,,,-222.19998937E-6,126.0000000,
,,,-221.99998784E-6,124.0000000,
,,,-221.79998632E-6,122.0000000,
,,,-221.59998480E-6,124.0000000,
,,,-221.39998327E-6,124.0000000,
,,,-221.19998175E-6,124.0000000,
,,,-220.99999478E-6,124.0000000,
,,,-220.79999326E-6,122.0000000,
,,,-220.59999174E-6,124.0000000,
,,,-220.39999021E-6,122.0000000,
,,,-220.19998869E-6,124.0000000,
,,,-219.99998717E-6,122.0000000,
,,,-219.79998564E-6,124.0000000,
,,,-219.59998412E-6,122.0000000,
,,,-219.39998260E-6,124.0000000,
,,,-219.19999563E-6,122.0000000,
,,,-218.99999410E-6,124.0000000,
,,,-218.79999258E-6,122.0000000,
,,,-218.59999106E-6,122.0000000,
,,,-218.39998954E-6,122.0000000,
,,,-218.19998801E-6,122.0000000,
,,,-217.99998649E-6,124.0000000,
,,,-217.79998497E-6,122.0000000,
,,,-217.59998344E-6,122.0000000,
,,,-217.39998192E-6,122.0000000,
,,,-217.19999495E-6,122.0000000,
,,,-216.99999343E-6,122.0000000,
,,,-216.79999190E-6,122.0000000,
,,,-216.59999038E-6,122.0000000,
,,,-216.39998886E-6,122.0000000,
,,,-216.19998734E-6,122.0000000,
,,,-215.99998581E-6,120.0000000,
,,,-215.79998429E-6,122.0000000,
,,,-215.59998277E-6,122.0000000,
,,,-215.39999580E-6,124.0000000,
,,,-215.19999427E-6,122.0000000,
,,,-214.99999275E-6,120.0000000,
,,,-214.79999123E-6,122.0000000,
,,,-214.59998970E-6,120.0000000,
,,,-214.39998818E-6,122.0000000,
,,,-214.19998666E-6,122.0000000,
,,,-213.99998514E-6,120.0000000,
,,,-213.79998361E-6,122.0000000,
,,,-213.59998209E-6,120.0000000,
,,,-213.39999512E-6,122.0000000,
,,,-213.19999360E-6,118.0000000,
,,,-212.99999207E-6,122.0000000,
,,,-212.79999055E-6,118.0000000,
,,,-212.59998903E-6,118.0000000,
,,,-212.39998750E-6,120.0000000,
,,,-212.19998598E-6,120.0000000,
,,,-211.99998446E-6,120.0000000,
,,,-211.79998294E-6,120.0000000,
,,,-211.59999596E-6,118.0000000,
,,,-211.39999444E-6,120.0000000,
,,,-211.19999292E-6,116.0000000,
,,,-210.99999140E-6,116.0000000,
,,,-210.79998987E-6,116.0000000,
,,,-210.59998835E-6,118.0000000,
,,,-210.39998683E-6,118.0000000,
,,,-210.19998530E-6,118.0000000,
,,,-209.99998378E-6,118.0000000,
,,,-209.79998226E-6,116.0000000,
,,,-209.59999529E-6,118.0000000,
,,,-209.39999376E-6,120.0000000,
,,,-209.19999224E-6,116.0000000,
,,,-208.99999072E-6,118.0000000,
,,,-208.79998920E-6,116.0000000,
,,,-208.59998767E-6,116.0000000,
,,,-208.39998615E-6,114.0000000,
,,,-208.19998463E-6,116.0000000,
,,,-207.99998310E-6,116.0000000,
,,,-207.79998158E-6,116.0000000,
,,,-207.59999461E-6,116.0000000,
,,,-207.39999309E-6,116.0000000,
,,,-207.19999156E-6,114.0000000,
,,,-206.99999004E-6,116.0000000,
,,,-206.79998852E-6,116.0000000,
,,,-206.59998700E-6,116.0000000,
,,,-206.39998547E-6,116.0000000,
,,,-206.19998395E-6,116.0000000,
,,,-205.99998243E-6,114.0000000,
,,,-205.79999546E-6,114.0000000,
,,,-205.59999393E-6,116.0000000,
,,,-205.39999241E-6,114.0000000,
,,,-205.19999089E-6,116.0000000,
,,,-204.99998936E-6,114.0000000,
,,,-204.79998784E-6,114.0000000,
,,,-204.59998632E-6,116.0000000,
,,,-204.39998480E-6,114.0000000,
,,,-204.19998327E-6,112.0000000,
,,,-203.99998175E-6,114.0000000,
,,,-203.79999478E-6,112.0000000,
,,,-203.59999326E-6,112.0000000,
,,,-203.39999173E-6,112.0000000,
,,,-203.19999021E-6,112.0000000,
,,,-202.99998869E-6,114.0000000,
,,,-202.79998716E-6,112.0000000,
,,,-202.59998564E-6,112.0000000,
,,,-202.39998412E-6,112.0000000,
,,,-202.19998260E-6,112.0000000,
,,,-201.99999562E-6,112.0000000,
,,,-201.79999410E-6,110.0000000,
,,,-201.59999258E-6,112.0000000,
,,,-201.39999106E-6,110.0000000,
,,,-201.19998953E-6,110.0000000,
,,,-200.99998801E-6,112.0000000,
,,,-200.79998649E-6,112.0000000,
,,,-200.59998496E-6,110.0000000,
,,,-200.39998344E-6,110.0000000,
,,,-200.19998192E-6,108.0000000,
,,,-199.99999495E-6,110.0000000,
,,,-199.79999342E-6,108.0000000,
,,,-199.59999190E-6,110.0000000,
,,,-199.39999038E-6,110.0000000,
,,,-199.19998886E-6,110.0000000,
,,,-198.99998733E-6,108.0000000,
,,,-198.79998581E-6,110.0000000,
,,,-198.59998429E-6,108.0000000,
,,,-198.39998276E-6,108.0000000,
,,,-198.19999579E-6,108.0000000,
,,,-197.99999427E-6,108.0000000,
,,,-197.79999275E-6,106.0000000,
,,,-197.59999122E-6,106.0000000,
,,,-197.39998970E-6,106.0000000,
,,,-197.19998818E-6,104.0000000,
,,,-196.99998666E-6,108.0000000,
,,,-196.79998513E-6,108.0000000,
,,,-196.59998361E-6,106.0000000,
,,,-196.39998209E-6,106.0000000,
,,,-196.19999512E-6,106.0000000,
,,,-195.99999359E-6,106.0000000,
,,,-195.79999207E-6,106.0000000,
,,,-195.59999055E-6,106.0000000,
,,,-195.39998902E-6,108.0000000,
,,,-195.19998750E-6,106.0000000,
,,,-194.99998598E-6,104.0000000,
,,,-194.79998446E-6,104.0000000,
,,,-194.59998293E-6,106.0000000,
,,,-194.39998141E-6,104.0000000,
,,,-194.19999444E-6,106.0000000,
,,,-193.99999292E-6,106.0000000,
,,,-193.79999139E-6,104.0000000,
,,,-193.59998987E-6,102.0000000,
,,,-193.39998835E-6,102.0000000,
,,,-193.19998682E-6,102.0000000,
,,,-192.99998530E-6,104.0000000,
,,,-192.79998378E-6,102.0000000,
,,,-192.59998226E-6,104.0000000,
,,,-192.39999529E-6,104.0000000,
,,,-192.19999376E-6,102.0000000,
,,,-191.99999224E-6,104.0000000,
,,,-191.79999072E-6,102.0000000,
,,,-191.59998919E-6,100.0000000,
,,,-191.39998767E-6,102.0000000,
,,,-191.19998615E-6,102.0000000,
,,,-190.99998462E-6,100.0000000,
,,,-190.79998310E-6,100.0000000,
,,,-190.59998158E-6,102.0000000,
,,,-190.39999461E-6,102.0000000,
,,,-190.19999309E-6,100.0000000,
,,,-189.99999156E-6,100.0000000,
,,,-189.79999004E-6,100.0000000,
,,,-189.59998852E-6,102.0000000,
,,,-189.39998699E-6,100.0000000,
,,,-189.19998547E-6,102.0000000,
,,,-188.99998395E-6,102.0000000,
,,,-188.79998242E-6,100.0000000,
,,,-188.59999545E-6,98.000000000,
,,,-188.39999393E-6,100.0000000,
,,,-188.19999241E-6,98.000000000,
,,,-187.99999089E-6,100.0000000,
,,,-187.79998936E-6,98.000000000,
,,,-187.59998784E-6,98.000000000,
,,,-187.39998632E-6,96.000000000,
,,,-187.19998479E-6,98.000000000,
,,,-186.99998327E-6,98.000000000,
,,,-186.79998175E-6,96.000000000,
,,,-186.59999478E-6,96.000000000,
,,,-186.39999325E-6,96.000000000,
,,,-186.19999173E-6,98.000000000,
,,,-185.99999021E-6,98.000000000,
,,,-185.79998869E-6,98.000000000,
,,,-185.59998716E-6,96.000000000,
,,,-185.39998564E-6,96.000000000,
,,,-185.19998412E-6,96.000000000,
,,,-184.99998259E-6,96.000000000,
,,,-184.79999562E-6,96.000000000,
,,,-184.59999410E-6,94.000000000,
,,,-184.39999258E-6,94.000000000,
,,,-184.19999105E-6,96.000000000,
,,,-183.99998953E-6,94.000000000,
,,,-183.79998801E-6,94.000000000,
,,,-183.59998649E-6,92.000000000,
,,,-183.39998496E-6,92.000000000,
,,,-183.19998344E-6,92.000000000,
,,,-182.99998192E-6,92.000000000,
,,,-182.79999495E-6,92.000000000,
,,,-182.59999342E-6,92.000000000,
,,,-182.39999190E-6,92.000000000,
,,,-182.19999038E-6,90.000000000,
,,,-181.99998885E-6,88.000000000,
,,,-181.79998733E-6,90.000000000,
,,,-181.59998581E-6,90.000000000,
,,,-181.39998429E-6,90.000000000,
,,,-181.19998276E-6,88.000000000,
,,,-180.99998124E-6,88.000000000,
,,,-180.79999427E-6,88.000000000,
,,,-180.59999275E-6,88.000000000,
,,,-180.39999122E-6,88.000000000,
,,,-180.19998970E-6,88.000000000,
,,,-179.99998818E-6,84.000000000,
,,,-179.79998665E-6,88.000000000,
,,,-179.59998513E-6,86.000000000,
,,,-179.39998361E-6,86.000000000,
,,,-179.19998209E-6,86.000000000,
,,,-178.99999511E-6,86.000000000,
,,,-178.79999359E-6,84.000000000,
,,,-178.59999207E-6,84.000000000,
,,,-178.39999055E-6,84.000000000,
,,,-178.19998902E-6,84.000000000,
,,,-177.99998750E-6,84.000000000,
,,,-177.79998598E-6,82.000000000,
,,,-177.59998445E-6,84.000000000,
,,,-177.39998293E-6,82.000000000,
,,,-177.19998141E-6,84.000000000,
,,,-176.99999444E-6,82.000000000,
,,,-176.79999291E-6,80.000000000,
,,,-176.59999139E-6,82.000000000,
,,,-176.39998987E-6,80.000000000,
,,,-176.19998835E-6,80.000000000,
,,,-175.99998682E-6,80.000000000,
,,,-175.79998530E-6,80.000000000,
,,,-175.59998378E-6,82.000000000,
,,,-175.39998225E-6,78.000000000,
,,,-175.19999528E-6,78.000000000,
,,,-174.99999376E-6,80.000000000,
,,,-174.79999224E-6,80.000000000,
,,,-174.59999071E-6,80.000000000,
,,,-174.39998919E-6,78.000000000,
,,,-174.19998767E-6,80.000000000,
,,,-173.99998615E-6,78.000000000,
,,,-173.79998462E-6,76.000000000,
,,,-173.59998310E-6,74.000000000,
,,,-173.39998158E-6,74.000000000,
,,,-173.19999461E-6,74.000000000,
,,,-172.99999308E-6,76.000000000,
,,,-172.79999156E-6,74.000000000,
,,,-172.59999004E-6,74.000000000,
,,,-172.39998851E-6,74.000000000,
,,,-172.19998699E-6,74.000000000,
,,,-171.99998547E-6,72.000000000,
,,,-171.79998395E-6,72.000000000,
,,,-171.59998242E-6,72.000000000,
,,,-171.39999545E-6,70.000000000,
,,,-171.19999393E-6,74.000000000,
,,,-170.99999241E-6,68.000000000,
,,,-170.79999088E-6,72.000000000,
,,,-170.59998936E-6,68.000000000,
,,,-170.39998784E-6,70.000000000,
,,,-170.19998631E-6,70.000000000,
,,,-169.99998479E-6,70.000000000,
,,,-169.79998327E-6,70.000000000,
,,,-169.59998175E-6,70.000000000,
,,,-169.39999477E-6,70.000000000,
,,,-169.19999325E-6,68.000000000,
,,,-168.99999173E-6,68.000000000,
,,,-168.79999021E-6,64.000000000,
,,,-168.59998868E-6,66.000000000,
,,,-168.39998716E-6,66.000000000,
,,,-168.19998564E-6,66.000000000,
,,,-167.99998411E-6,66.000000000,
,,,-167.79998259E-6,64.000000000,
,,,-167.59999562E-6,62.000000000,
,,,-167.39999410E-6,62.000000000,
,,,-167.19999257E-6,62.000000000,
,,,-166.99999105E-6,64.000000000,
,,,-166.79998953E-6,62.000000000,
,,,-166.59998801E-6,60.000000000,
,,,-166.39998648E-6,60.000000000,
,,,-166.19998496E-6,60.000000000,
,,,-165.99998344E-6,62.000000000,
,,,-165.79998191E-6,60.000000000,
,,,-165.59999494E-6,60.000000000,
,,,-165.39999342E-6,60.000000000,
,,,-165.19999190E-6,60.000000000,
,,,-164.99999037E-6,58.000000000,
,,,-164.79998885E-6,58.000000000,
,,,-164.59998733E-6,56.000000000,
,,,-164.39998581E-6,56.000000000,
,,,-164.19998428E-6,56.000000000,
,,,-163.99998276E-6,56.000000000,
,,,-163.79998124E-6,56.000000000,
,,,-163.59999427E-6,56.000000000,
,,,-163.39999274E-6,56.000000000,
,,,-163.19999122E-6,54.00000000,
,,,-162.99998970E-6,54.00000000,
,,,-162.79998817E-6,54.00000000,
,,,-162.59998665E-6,52.00000000,
,,,-162.39998513E-6,52.00000000,
,,,-162.19998361E-6,50.00000000,
,,,-161.99998208E-6,52.00000000,
,,,-161.79999511E-6,50.00000000,
,,,-161.59999359E-6,52.00000000,
,,,-161.39999207E-6,48.00000000,
,,,-161.19999054E-6,52.00000000,
,,,-160.99998902E-6,52.00000000,
,,,-160.79998750E-6,50.00000000,
,,,-160.59998597E-6,48.00000000,
,,,-160.39998445E-6,48.00000000,
,,,-160.19998293E-6,46.00000000,
,,,-159.99998141E-6,48.00000000,
,,,-159.79999444E-6,50.00000000,
,,,-159.59999291E-6,48.00000000,
,,,-159.39999139E-6,46.00000000,
,,,-159.19998987E-6,46.00000000,
,,,-158.99998834E-6,44.00000000,
,,,-158.79998682E-6,44.00000000,
,,,-158.59998530E-6,44.00000000,
,,,-158.39998377E-6,42.00000000,
,,,-158.19998225E-6,44.00000000,
,,,-157.99999528E-6,44.00000000,
,,,-157.79999376E-6,42.00000000,
,,,-157.59999224E-6,42.00000000,
,,,-157.39999071E-6,44.00000000,
,,,-157.19998919E-6,40.00000000,
,,,-156.99998767E-6,44.00000000,
,,,-156.79998614E-6,40.00000000,
,,,-156.59998462E-6,42.00000000,
,,,-156.39998310E-6,42.00000000,
,,,-156.19998157E-6,40.00000000,
,,,-155.99999460E-6,40.00000000,
,,,-155.79999308E-6,40.00000000,
,,,-155.59999156E-6,38.00000000,
,,,-155.39999004E-6,38.00000000,
,,,-155.19998851E-6,38.00000000,
,,,-154.99998699E-6,36.00000000,
,,,-154.79998547E-6,38.00000000,
,,,-154.59998394E-6,36.00000000,
,,,-154.39998242E-6,34.00000000,
,,,-154.19999545E-6,36.00000000,
,,,-153.99999393E-6,36.00000000,
,,,-153.79999240E-6,32.00000000,
,,,-153.59999088E-6,34.00000000,
,,,-153.39998936E-6,32.00000000,
,,,-153.19998784E-6,32.00000000,
,,,-152.99998631E-6,32.00000000,
,,,-152.79998479E-6,32.00000000,
,,,-152.59998327E-6,32.00000000,
,,,-152.39998174E-6,32.00000000,
,,,-152.19999477E-6,30.00000000,
,,,-151.99999325E-6,32.00000000,
,,,-151.79999173E-6,30.00000000,
,,,-151.59999020E-6,30.00000000,
,,,-151.39998868E-6,28.00000000,
,,,-151.19998716E-6,28.00000000,
,,,-150.99998564E-6,28.00000000,
,,,-150.79998411E-6,30.00000000,
,,,-150.59998259E-6,28.00000000,
,,,-150.39998107E-6,28.00000000,
,,,-150.19999410E-6,26.00000000,
,,,-149.99999257E-6,28.00000000,
,,,-149.79999105E-6,26.00000000,
,,,-149.59998953E-6,24.00000000,
,,,-149.39998800E-6,26.00000000,
,,,-149.19998648E-6,24.00000000,
,,,-148.99998496E-6,24.00000000,
,,,-148.79998344E-6,22.00000000,
,,,-148.59998191E-6,24.00000000,
,,,-148.3999949E-6,22.00000000,
,,,-148.1999934E-6,20.0000000,
,,,-147.9999919E-6,22.00000000,
,,,-147.7999904E-6,20.0000000,
,,,-147.5999888E-6,20.0000000,
,,,-147.3999873E-6,20.0000000,
,,,-147.1999858E-6,20.0000000,
,,,-146.9999843E-6,20.0000000,
,,,-146.7999828E-6,18.0000000,
,,,-146.5999812E-6,16.0000000,
,,,-146.3999943E-6,20.0000000,
,,,-146.1999927E-6,18.0000000,
,,,-145.9999912E-6,16.0000000,
,,,-145.7999897E-6,18.0000000,
,,,-145.5999882E-6,16.0000000,
,,,-145.3999866E-6,16.0000000,
,,,-145.1999851E-6,16.0000000,
,,,-144.9999836E-6,16.0000000,
,,,-144.7999821E-6,16.0000000,
,,,-144.5999951E-6,14.0000000,
,,,-144.3999936E-6,12.0000000,
,,,-144.1999921E-6,14.0000000,
,,,-143.9999905E-6,12.0000000,
,,,-143.7999890E-6,10.0000000,
,,,-143.5999875E-6,14.0000000,
,,,-143.3999860E-6,10.0000000,
,,,-143.1999844E-6,12.0000000,
,,,-142.9999829E-6,10.0000000,
,,,-142.7999814E-6,12.0000000,
,,,-142.5999944E-6,10.0000000,
,,,-142.3999929E-6,8.000000000,
,,,-142.1999914E-6,8.000000000,
,,,-141.9999899E-6,8.000000000,
,,,-141.7999883E-6,6.00000000,
,,,-141.5999868E-6,6.00000000,
,,,-141.3999853E-6,8.000000000,
,,,-141.1999838E-6,8.000000000,
,,,-140.9999822E-6,6.00000000,
,,,-140.7999953E-6,4.00000000,
,,,-140.5999938E-6,6.00000000,
,,,-140.3999922E-6,4.00000000,
,,,-140.1999907E-6,4.00000000,
,,,-139.9999892E-6,4.00000000,
,,,-139.7999877E-6,4.00000000,
,,,-139.5999861E-6,4.00000000,
,,,-139.3999846E-6,4.00000000,
,,,-139.1999831E-6,2.0000000,
,,,-138.9999816E-6,0.0,
,,,-138.7999946E-6,0.0,
,,,-138.5999931E-6,0.0,
,,,-138.3999916E-6,0.0,
,,,-138.1999900E-6,0.0,
,,,-137.9999885E-6,0.0,
,,,-137.7999870E-6,0.0,
,,,-137.5999855E-6,-2.0000000,
,,,-137.3999839E-6,-2.0000000,
,,,-137.1999824E-6,-4.00000000,
,,,-136.9999809E-6,-4.00000000,
,,,-136.7999939E-6,-4.00000000,
,,,-136.5999924E-6,-4.00000000,
,,,-136.3999909E-6,-4.00000000,
,,,-136.1999894E-6,-6.00000000,
,,,-135.9999878E-6,-6.00000000,
,,,-135.7999863E-6,-6.00000000,
,,,-135.5999848E-6,-10.0000000,
,,,-135.3999833E-6,-6.00000000,
,,,-135.1999817E-6,-8.000000000,
,,,-134.9999948E-6,-6.00000000,
,,,-134.7999932E-6,-10.0000000,
,,,-134.5999917E-6,-10.0000000,
,,,-134.3999902E-6,-8.000000000,
,,,-134.1999887E-6,-10.0000000,
,,,-133.9999872E-6,-10.0000000,
,,,-133.7999856E-6,-10.0000000,
,,,-133.5999841E-6,-10.0000000,
,,,-133.3999826E-6,-10.0000000,
,,,-133.1999811E-6,-12.0000000,
,,,-132.9999941E-6,-10.0000000,
,,,-132.7999926E-6,-12.0000000,
,,,-132.5999910E-6,-12.0000000,
,,,-132.3999895E-6,-12.0000000,
,,,-132.1999880E-6,-12.0000000,
,,,-131.9999865E-6,-14.0000000,
,,,-131.7999850E-6,-14.0000000,
,,,-131.5999834E-6,-14.0000000,
,,,-131.3999819E-6,-16.0000000,
,,,-131.1999949E-6,-14.0000000,
,,,-130.9999934E-6,-16.0000000,
,,,-130.7999919E-6,-16.0000000,
,,,-130.5999904E-6,-18.0000000,
,,,-130.3999888E-6,-16.0000000,
,,,-130.1999873E-6,-16.0000000,
,,,-129.9999858E-6,-20.0000000,
,,,-129.7999843E-6,-18.0000000,
,,,-129.5999828E-6,-18.0000000,
,,,-129.3999812E-6,-18.0000000,
,,,-129.1999943E-6,-20.0000000,
,,,-128.9999927E-6,-20.0000000,
,,,-128.7999912E-6,-22.00000000,
,,,-128.5999897E-6,-22.00000000,
,,,-128.3999882E-6,-22.00000000,
,,,-128.1999866E-6,-22.00000000,
,,,-127.9999851E-6,-24.00000000,
,,,-127.7999836E-6,-22.00000000,
,,,-127.5999821E-6,-24.00000000,
,,,-127.3999951E-6,-26.00000000,
,,,-127.1999936E-6,-22.00000000,
,,,-126.9999921E-6,-28.00000000,
,,,-126.7999905E-6,-26.00000000,
,,,-126.5999890E-6,-26.00000000,
,,,-126.3999875E-6,-26.00000000,
,,,-126.1999860E-6,-28.00000000,
,,,-125.9999844E-6,-26.00000000,
,,,-125.7999829E-6,-28.00000000,
,,,-125.5999814E-6,-28.00000000,
,,,-125.3999944E-6,-28.00000000,
,,,-125.1999929E-6,-28.00000000,
,,,-124.9999914E-6,-30.00000000,
,,,-124.7999899E-6,-32.00000000,
,,,-124.5999883E-6,-32.00000000,
,,,-124.3999868E-6,-32.00000000,
,,,-124.1999853E-6,-32.00000000,
,,,-123.9999838E-6,-32.00000000,
,,,-123.7999822E-6,-34.00000000,
,,,-123.5999807E-6,-34.00000000,
,,,-123.3999938E-6,-34.00000000,
,,,-123.1999922E-6,-34.00000000,
,,,-122.9999907E-6,-36.00000000,
,,,-122.7999892E-6,-36.00000000,
,,,-122.5999877E-6,-36.00000000,
,,,-122.3999861E-6,-36.00000000,
,,,-122.1999846E-6,-38.00000000,
,,,-121.9999904E-6,-40.00000000,
,,,-121.7999888E-6,-38.00000000,
,,,-121.5999873E-6,-40.00000000,
,,,-121.3999858E-6,-38.00000000,
,,,-121.1999843E-6,-40.00000000,
,,,-120.9999900E-6,-42.00000000,
,,,-120.7999885E-6,-40.00000000,
,,,-120.5999870E-6,-42.00000000,
,,,-120.3999855E-6,-40.00000000,
,,,-120.1999912E-6,-42.00000000,
,,,-119.9999897E-6,-42.00000000,
,,,-119.7999882E-6,-44.00000000,
,,,-119.5999866E-6,-44.00000000,
,,,-119.3999851E-6,-44.00000000,
,,,-119.1999909E-6,-44.00000000,
,,,-118.9999894E-6,-44.00000000,
,,,-118.7999878E-6,-46.00000000,
,,,-118.5999863E-6,-46.00000000,
,,,-118.3999848E-6,-46.00000000,
,,,-118.1999905E-6,-46.00000000,
,,,-117.9999890E-6,-48.00000000,
,,,-117.7999875E-6,-48.00000000,
,,,-117.5999860E-6,-48.00000000,
,,,-117.3999844E-6,-48.00000000,
,,,-117.1999902E-6,-50.00000000,
,,,-116.9999887E-6,-50.00000000,
,,,-116.7999872E-6,-50.00000000,
,,,-116.5999856E-6,-50.00000000,
,,,-116.3999841E-6,-52.00000000,
,,,-116.1999899E-6,-50.00000000,
,,,-115.9999883E-6,-52.00000000,
,,,-115.7999868E-6,-52.00000000,
,,,-115.5999853E-6,-50.00000000,
,,,-115.3999910E-6,-52.00000000,
,,,-115.1999895E-6,-54.00000000,
,,,-114.9999880E-6,-56.000000000,
,,,-114.7999865E-6,-54.00000000,
,,,-114.5999850E-6,-54.00000000,
,,,-114.3999907E-6,-56.000000000,
,,,-114.1999892E-6,-54.00000000,
,,,-113.9999877E-6,-58.000000000,
,,,-113.7999861E-6,-58.000000000,
,,,-113.5999846E-6,-60.000000000,
,,,-113.3999904E-6,-60.000000000,
,,,-113.1999888E-6,-58.000000000,
,,,-112.9999873E-6,-58.000000000,
,,,-112.7999858E-6,-60.000000000,
,,,-112.5999843E-6,-60.000000000,
,,,-112.3999900E-6,-62.000000000,
,,,-112.1999885E-6,-62.000000000,
,,,-111.9999870E-6,-64.000000000,
,,,-111.7999855E-6,-62.000000000,
,,,-111.5999912E-6,-62.000000000,
,,,-111.3999897E-6,-64.000000000,
,,,-111.1999882E-6,-62.000000000,
,,,-110.9999866E-6,-64.000000000,
,,,-110.7999851E-6,-66.000000000,
,,,-110.5999909E-6,-64.000000000,
,,,-110.3999894E-6,-66.000000000,
,,,-110.1999878E-6,-68.000000000,
,,,-109.9999863E-6,-66.000000000,
,,,-109.7999848E-6,-68.000000000,
,,,-109.5999905E-6,-66.000000000,
,,,-109.3999890E-6,-70.000000000,
,,,-109.1999875E-6,-68.000000000,
,,,-108.9999860E-6,-70.000000000,
,,,-108.7999844E-6,-72.000000000,
,,,-108.5999902E-6,-70.000000000,
,,,-108.3999887E-6,-72.000000000,
,,,-108.1999872E-6,-70.000000000,
,,,-107.9999856E-6,-72.000000000,
,,,-107.7999841E-6,-72.000000000,
,,,-107.5999899E-6,-74.000000000,
,,,-107.3999883E-6,-72.000000000,
,,,-107.1999868E-6,-74.000000000,
,,,-106.9999853E-6,-74.000000000,
,,,-106.7999910E-6,-76.000000000,
,,,-106.5999895E-6,-74.000000000,
,,,-106.3999880E-6,-76.000000000,
,,,-106.1999865E-6,-76.000000000,
,,,-105.9999850E-6,-76.000000000,
,,,-105.7999907E-6,-78.000000000,
,,,-105.5999892E-6,-76.000000000,
,,,-105.3999877E-6,-78.000000000,
,,,-105.1999861E-6,-80.000000000,
,,,-104.9999846E-6,-80.000000000,
,,,-104.7999904E-6,-78.000000000,
,,,-104.5999888E-6,-80.000000000,
,,,-104.3999873E-6,-82.000000000,
,,,-104.1999858E-6,-84.000000000,
,,,-103.9999843E-6,-84.000000000,
,,,-103.7999900E-6,-84.000000000,
,,,-103.5999885E-6,-84.000000000,
,,,-103.3999870E-6,-82.000000000,
,,,-103.1999855E-6,-84.000000000,
,,,-102.9999912E-6,-84.000000000,
,,,-102.7999897E-6,-86.000000000,
,,,-102.5999882E-6,-86.000000000,
,,,-102.3999866E-6,-86.000000000,
,,,-102.1999851E-6,-88.000000000,
,,,-101.9999909E-6,-86.000000000,
,,,-101.7999894E-6,-88.000000000,
,,,-101.5999878E-6,-88.000000000,
,,,-101.3999863E-6,-90.000000000,
,,,-101.1999848E-6,-90.000000000,
,,,-100.9999905E-6,-88.000000000,
,,,-100.7999890E-6,-90.000000000,
,,,-100.5999875E-6,-92.000000000,
,,,-100.3999860E-6,-90.000000000,
,,,-100.1999844E-6,-92.000000000,
,,,-99.999990198E-6,-92.000000000,
,,,-99.799988675E-6,-92.000000000,
,,,-99.599987152E-6,-92.000000000,
,,,-99.399985629E-6,-94.000000000,
,,,-99.199984106E-6,-92.000000000,
,,,-98.999989859E-6,-94.000000000,
,,,-98.799988336E-6,-96.000000000,
,,,-98.599986813E-6,-94.000000000,
,,,-98.399985291E-6,-96.000000000,
,,,-98.199991044E-6,-98.000000000,
,,,-97.999989521E-6,-98.000000000,
,,,-97.799987998E-6,-96.000000000,
,,,-97.599986475E-6,-98.000000000,
,,,-97.399984952E-6,-100.0000000,
,,,-97.199990705E-6,-98.000000000,
,,,-96.999989182E-6,-100.0000000,
,,,-96.799987659E-6,-100.0000000,
,,,-96.599986136E-6,-100.0000000,
,,,-96.399984614E-6,-100.0000000,
,,,-96.199990367E-6,-100.0000000,
,,,-95.999988844E-6,-102.0000000,
,,,-95.799987321E-6,-102.0000000,
,,,-95.599985798E-6,-102.0000000,
,,,-95.399984275E-6,-102.0000000,
,,,-95.199990028E-6,-104.0000000,
,,,-94.999988505E-6,-104.0000000,
,,,-94.799986982E-6,-104.0000000,
,,,-94.599985459E-6,-104.0000000,
,,,-94.399983936E-6,-104.0000000,
,,,-94.199989690E-6,-104.0000000,
,,,-93.999988167E-6,-108.0000000,
,,,-93.799986644E-6,-106.0000000,
,,,-93.599985121E-6,-108.0000000,
,,,-93.399990874E-6,-106.0000000,
,,,-93.199989351E-6,-106.0000000,
,,,-92.999987828E-6,-106.0000000,
,,,-92.799986305E-6,-108.0000000,
,,,-92.599984782E-6,-108.0000000,
,,,-92.399990535E-6,-108.0000000,
,,,-92.199989012E-6,-110.0000000,
,,,-91.999987490E-6,-110.0000000,
,,,-91.799985967E-6,-112.0000000,
,,,-91.599984444E-6,-110.0000000,
,,,-91.399990197E-6,-112.0000000,
,,,-91.199988674E-6,-114.0000000,
,,,-90.999987151E-6,-114.0000000,
,,,-90.799985628E-6,-112.0000000,
,,,-90.599984105E-6,-112.0000000,
,,,-90.399989858E-6,-114.0000000,
,,,-90.199988335E-6,-114.0000000,
,,,-89.999986812E-6,-116.0000000,
,,,-89.799985290E-6,-114.0000000,
,,,-89.599991043E-6,-116.0000000,
,,,-89.399989520E-6,-116.0000000,
,,,-89.199987997E-6,-116.0000000,
,,,-88.999986474E-6,-116.0000000,
,,,-88.799984951E-6,-116.0000000,
,,,-88.599990704E-6,-118.0000000,
,,,-88.399989181E-6,-120.0000000,
,,,-88.199987658E-6,-118.0000000,
,,,-87.999986135E-6,-120.0000000,
,,,-87.799984613E-6,-118.0000000,
,,,-87.599990366E-6,-120.0000000,
,,,-87.399988843E-6,-118.0000000,
,,,-87.199987320E-6,-120.0000000,
,,,-86.999985797E-6,-122.0000000,
,,,-86.799984274E-6,-122.0000000,
,,,-86.599990027E-6,-122.0000000,
,,,-86.399988504E-6,-122.0000000,
,,,-86.199986981E-6,-120.0000000,
,,,-85.999985458E-6,-122.0000000,
,,,-85.799983935E-6,-124.0000000,
,,,-85.599989688E-6,-122.0000000,
,,,-85.399988166E-6,-124.0000000,
,,,-85.199986643E-6,-124.0000000,
,,,-84.999985120E-6,-126.0000000,
,,,-84.799990873E-6,-124.0000000,
,,,-84.599989350E-6,-128.0000000,
,,,-84.399987827E-6,-126.0000000,
,,,-84.199986304E-6,-126.0000000,
,,,-83.999984781E-6,-126.0000000,
,,,-83.799990534E-6,-128.0000000,
,,,-83.599989011E-6,-126.0000000,
,,,-83.399987489E-6,-128.0000000,
,,,-83.199985966E-6,-126.0000000,
,,,-82.999984443E-6,-126.0000000,
,,,-82.799990196E-6,-128.0000000,
,,,-82.599988673E-6,-128.0000000,
,,,-82.399987150E-6,-130.0000000,
,,,-82.199985627E-6,-128.0000000,
,,,-81.999984104E-6,-130.0000000,
,,,-81.799989857E-6,-130.0000000,
,,,-81.599988334E-6,-132.0000000,
,,,-81.399986811E-6,-132.0000000,
,,,-81.199985289E-6,-132.0000000,
,,,-80.999983766E-6,-128.0000000,
,,,-80.799989519E-6,-132.0000000,
,,,-80.599987996E-6,-134.0000000,
,,,-80.399986473E-6,-132.0000000,
,,,-80.199984950E-6,-132.0000000,
,,,-79.999990703E-6,-132.0000000,
,,,-79.799989180E-6,-132.0000000,
,,,-79.599987657E-6,-132.0000000,
,,,-79.399986134E-6,-132.0000000,
,,,-79.199984611E-6,-134.0000000,
,,,-78.999990365E-6,-134.0000000,
,,,-78.799988842E-6,-134.0000000,
,,,-78.599987319E-6,-136.0000000,
,,,-78.399985796E-6,-134.0000000,
,,,-78.199984273E-6,-134.0000000,
,,,-77.999990026E-6,-134.0000000,
,,,-77.799988503E-6,-132.0000000,
,,,-77.599986980E-6,-136.0000000,
,,,-77.399985457E-6,-134.0000000,
,,,-77.199983934E-6,-134.0000000,
,,,-76.999989687E-6,-136.0000000,
,,,-76.799988165E-6,-134.0000000,
,,,-76.599986642E-6,-134.0000000,
,,,-76.399985119E-6,-134.0000000,
,,,-76.199990872E-6,-134.0000000,
,,,-75.999989349E-6,-132.0000000,
,,,-75.799987826E-6,-136.0000000,
,,,-75.599986303E-6,-134.0000000,
,,,-75.399984780E-6,-134.0000000,
,,,-75.199990533E-6,-136.0000000,
,,,-74.999989010E-6,-134.0000000,
,,,-74.799987487E-6,-134.0000000,
,,,-74.599985965E-6,-136.0000000,
,,,-74.399984442E-6,-136.0000000,
,,,-74.199990195E-6,-134.0000000,
,,,-73.999988672E-6,-134.0000000,
,,,-73.799987149E-6,-134.0000000,
,,,-73.599985626E-6,-134.0000000,
,,,-73.399984103E-6,-134.0000000,
,,,-73.199989856E-6,-134.0000000,
,,,-72.999988333E-6,-134.0000000,
,,,-72.799986810E-6,-134.0000000,
,,,-72.599985288E-6,-134.0000000,
,,,-72.399983765E-6,-134.0000000,
,,,-72.199989518E-6,-134.0000000,
,,,-71.999987995E-6,-136.0000000,
,,,-71.799986472E-6,-134.0000000,
,,,-71.599984949E-6,-136.0000000,
,,,-71.399990702E-6,-136.0000000,
,,,-71.199989179E-6,-136.0000000,
,,,-70.999987656E-6,-134.0000000,
,,,-70.799986133E-6,-134.0000000,
,,,-70.599984610E-6,-134.0000000,
,,,-70.399990364E-6,-132.0000000,
,,,-70.199988841E-6,-134.0000000,
,,,-69.999987318E-6,-134.0000000,
,,,-69.799985795E-6,-136.0000000,
,,,-69.599984272E-6,-136.0000000,
,,,-69.399990025E-6,-136.0000000,
,,,-69.199988502E-6,-136.0000000,
,,,-68.999986979E-6,-134.0000000,
,,,-68.799985456E-6,-134.0000000,
,,,-68.599983933E-6,-134.0000000,
,,,-68.399989686E-6,-134.0000000,
,,,-68.199988164E-6,-134.0000000,
,,,-67.999986641E-6,-134.0000000,
,,,-67.799985118E-6,-136.0000000,
,,,-67.599983595E-6,-134.0000000,
,,,-67.399989348E-6,-134.0000000,
,,,-67.199987825E-6,-134.0000000,
,,,-66.999986302E-6,-134.0000000,
,,,-66.799984779E-6,-132.0000000,
,,,-66.599990532E-6,-132.0000000,
,,,-66.399989009E-6,-132.0000000,
,,,-66.199987486E-6,-134.0000000,
,,,-65.999985964E-6,-132.0000000,
,,,-65.799984441E-6,-130.0000000,
,,,-65.599990194E-6,-132.0000000,
,,,-65.399988671E-6,-132.0000000,
,,,-65.199987148E-6,-134.0000000,
,,,-64.999985625E-6,-132.0000000,
,,,-64.799984102E-6,-132.0000000,
,,,-64.599989855E-6,-132.0000000,
,,,-64.399988332E-6,-132.0000000,
,,,-64.199986809E-6,-132.0000000,
,,,-63.999985287E-6,-132.0000000,
,,,-63.799983764E-6,-132.0000000,
,,,-63.599989517E-6,-130.0000000,
,,,-63.399987994E-6,-130.0000000,
,,,-63.199986471E-6,-130.0000000,
,,,-62.999984948E-6,-130.0000000,
,,,-62.799990701E-6,-130.0000000,
,,,-62.599989178E-6,-130.0000000,
,,,-62.399987655E-6,-130.0000000,
,,,-62.199986132E-6,-130.0000000,
,,,-61.999984609E-6,-130.0000000,
,,,-61.799990362E-6,-132.0000000,
,,,-61.599988840E-6,-132.0000000,
,,,-61.399987317E-6,-130.0000000,
,,,-61.199985794E-6,-128.0000000,
,,,-60.999987909E-6,-128.0000000,
,,,-60.799986386E-6,-128.0000000,
,,,-60.599988501E-6,-130.0000000,
,,,-60.399986978E-6,-128.0000000,
,,,-60.199985455E-6,-130.0000000,
,,,-59.999987570E-6,-128.0000000,
,,,-59.799986047E-6,-128.0000000,
,,,-59.599988163E-6,-128.0000000,
,,,-59.399986640E-6,-128.0000000,
,,,-59.199988755E-6,-128.0000000,
,,,-58.999987232E-6,-126.0000000,
,,,-58.799985709E-6,-128.0000000,
,,,-58.599987824E-6,-128.0000000,
,,,-58.399986301E-6,-126.0000000,
,,,-58.199988416E-6,-128.0000000,
,,,-57.999986893E-6,-126.0000000,
,,,-57.799985370E-6,-126.0000000,
,,,-57.599987485E-6,-126.0000000,
,,,-57.399985963E-6,-126.0000000,
,,,-57.199988078E-6,-130.0000000,
,,,-56.999986555E-6,-126.0000000,
,,,-56.799988670E-6,-126.0000000,
,,,-56.599987147E-6,-126.0000000,
,,,-56.399985624E-6,-126.0000000,
,,,-56.199987739E-6,-124.0000000,
,,,-55.999986216E-6,-124.0000000,
,,,-55.799988331E-6,-124.0000000,
,,,-55.599986808E-6,-126.0000000,
,,,-55.399985285E-6,-122.0000000,
,,,-55.199987401E-6,-124.0000000,
,,,-54.999985878E-6,-124.0000000,
,,,-54.799987993E-6,-122.0000000,
,,,-54.599986470E-6,-126.0000000,
,,,-54.39998858E-6,-122.0000000,
,,,-54.19998706E-6,-124.0000000,
,,,-53.99998554E-6,-124.0000000,
,,,-53.79998765E-6,-122.0000000,
,,,-53.59998613E-6,-120.0000000,
,,,-53.39998825E-6,-122.0000000,
,,,-53.19998672E-6,-122.0000000,
,,,-52.99998520E-6,-120.0000000,
,,,-52.79998732E-6,-122.0000000,
,,,-52.59998579E-6,-122.0000000,
,,,-52.39998791E-6,-122.0000000,
,,,-52.19998638E-6,-122.0000000,
,,,-51.99998850E-6,-122.0000000,
,,,-51.79998698E-6,-120.0000000,
,,,-51.59998545E-6,-118.0000000,
,,,-51.39998757E-6,-120.0000000,
,,,-51.19998605E-6,-120.0000000,
,,,-50.99998816E-6,-118.0000000,
,,,-50.79998664E-6,-118.0000000,
,,,-50.59998875E-6,-118.0000000,
,,,-50.39998723E-6,-118.0000000,
,,,-50.19998571E-6,-118.0000000,
,,,-49.99998782E-6,-118.0000000,
,,,-49.79998630E-6,-118.0000000,
,,,-49.59998842E-6,-116.0000000,
,,,-49.39998689E-6,-116.0000000,
,,,-49.19998537E-6,-116.0000000,
,,,-48.99998748E-6,-116.0000000,
,,,-48.79998596E-6,-118.0000000,
,,,-48.59998808E-6,-114.0000000,
,,,-48.39998655E-6,-116.0000000,
,,,-48.19998867E-6,-116.0000000,
,,,-47.99998715E-6,-114.0000000,
,,,-47.79998562E-6,-114.0000000,
,,,-47.59998774E-6,-114.0000000,
,,,-47.39998622E-6,-112.0000000,
,,,-47.19998833E-6,-112.0000000,
,,,-46.99998681E-6,-112.0000000,
,,,-46.79998528E-6,-112.0000000,
,,,-46.59998740E-6,-112.0000000,
,,,-46.39998588E-6,-110.0000000,
,,,-46.19998799E-6,-110.0000000,
,,,-45.99998647E-6,-108.0000000,
,,,-45.79998858E-6,-110.0000000,
,,,-45.59998706E-6,-110.0000000,
,,,-45.39998554E-6,-110.0000000,
,,,-45.19998765E-6,-108.0000000,
,,,-44.99998613E-6,-108.0000000,
,,,-44.79998825E-6,-108.0000000,
,,,-44.59998672E-6,-108.0000000,
,,,-44.39998520E-6,-108.0000000,
,,,-44.19998731E-6,-106.0000000,
,,,-43.99998579E-6,-106.0000000,
,,,-43.79998791E-6,-108.0000000,
,,,-43.59998638E-6,-104.0000000,
,,,-43.39998850E-6,-104.0000000,
,,,-43.19998698E-6,-104.0000000,
,,,-42.99998545E-6,-102.0000000,
,,,-42.79998757E-6,-104.0000000,
,,,-42.59998605E-6,-104.0000000,
,,,-42.39998816E-6,-102.0000000,
,,,-42.19998664E-6,-102.0000000,
,,,-41.99998511E-6,-104.0000000,
,,,-41.79998723E-6,-102.0000000,
,,,-41.59998571E-6,-100.0000000,
,,,-41.39998782E-6,-102.0000000,
,,,-41.19998630E-6,-102.0000000,
,,,-40.99998841E-6,-98.000000000,
,,,-40.79998689E-6,-98.000000000,
,,,-40.59998537E-6,-100.0000000,
,,,-40.39998748E-6,-96.000000000,
,,,-40.19998596E-6,-96.000000000,
,,,-39.99998808E-6,-96.000000000,
,,,-39.79998655E-6,-98.000000000,
,,,-39.59998867E-6,-96.000000000,
,,,-39.39998714E-6,-96.000000000,
,,,-39.19998562E-6,-94.000000000,
,,,-38.99998774E-6,-94.000000000,
,,,-38.79998621E-6,-94.000000000,
,,,-38.59998833E-6,-94.000000000,
,,,-38.39998681E-6,-94.000000000,
,,,-38.19998528E-6,-92.000000000,
,,,-37.99998740E-6,-92.000000000,
,,,-37.79998588E-6,-92.000000000,
,,,-37.59998799E-6,-92.000000000,
,,,-37.39998647E-6,-90.000000000,
,,,-37.19998858E-6,-90.000000000,
,,,-36.99998706E-6,-88.000000000,
,,,-36.79998554E-6,-88.000000000,
,,,-36.59998765E-6,-90.000000000,
,,,-36.39998613E-6,-90.000000000,
,,,-36.19998824E-6,-88.000000000,
,,,-35.99998672E-6,-88.000000000,
,,,-35.79998520E-6,-88.000000000,
,,,-35.59998731E-6,-86.000000000,
,,,-35.39998579E-6,-84.000000000,
,,,-35.19998791E-6,-86.000000000,
,,,-34.99998638E-6,-86.000000000,
,,,-34.79998850E-6,-84.000000000,
,,,-34.59998698E-6,-84.000000000,
,,,-34.39998545E-6,-82.000000000,
,,,-34.19998757E-6,-84.000000000,
,,,-33.99998604E-6,-82.000000000,
,,,-33.79998816E-6,-80.000000000,
,,,-33.59998664E-6,-82.000000000,
,,,-33.39998511E-6,-82.000000000,
,,,-33.19998723E-6,-80.000000000,
,,,-32.99998571E-6,-80.000000000,
,,,-32.79998782E-6,-82.000000000,
,,,-32.59998630E-6,-78.000000000,
,,,-32.39998841E-6,-78.000000000,
,,,-32.19998689E-6,-78.000000000,
,,,-31.99998537E-6,-78.000000000,
,,,-31.79998748E-6,-78.000000000,
,,,-31.59998596E-6,-76.000000000,
,,,-31.39998807E-6,-78.000000000,
,,,-31.19998655E-6,-74.000000000,
,,,-30.99998503E-6,-74.000000000,
,,,-30.79998714E-6,-74.000000000,
,,,-30.59998562E-6,-74.000000000,
,,,-30.39998592E-6,-72.000000000,
,,,-30.19998621E-6,-72.000000000,
,,,-29.99998651E-6,-72.000000000,
,,,-29.79998681E-6,-72.000000000,
,,,-29.59998710E-6,-70.000000000,
,,,-29.39998740E-6,-68.000000000,
,,,-29.19998587E-6,-68.000000000,
,,,-28.99998617E-6,-68.000000000,
,,,-28.79998647E-6,-68.000000000,
,,,-28.59998676E-6,-68.000000000,
,,,-28.39998706E-6,-66.000000000,
,,,-28.19998736E-6,-66.000000000,
,,,-27.99998583E-6,-66.000000000,
,,,-27.79998613E-6,-68.000000000,
,,,-27.59998642E-6,-66.000000000,
,,,-27.39998672E-6,-66.000000000,
,,,-27.19998702E-6,-64.000000000,
,,,-26.99998731E-6,-64.000000000,
,,,-26.79998579E-6,-64.000000000,
,,,-26.59998609E-6,-62.000000000,
,,,-26.39998638E-6,-62.000000000,
,,,-26.19998668E-6,-60.000000000,
,,,-25.99998697E-6,-62.000000000,
,,,-25.79998727E-6,-64.000000000,
,,,-25.59998757E-6,-62.000000000,
,,,-25.39998604E-6,-58.000000000,
,,,-25.19998634E-6,-58.000000000,
,,,-24.99998664E-6,-58.000000000,
,,,-24.79998693E-6,-58.000000000,
,,,-24.59998723E-6,-58.000000000,
,,,-24.39998752E-6,-58.000000000,
,,,-24.19998600E-6,-56.000000000,
,,,-23.99998630E-6,-56.000000000,
,,,-23.79998659E-6,-54.00000000,
,,,-23.59998689E-6,-56.000000000,
,,,-23.39998719E-6,-52.00000000,
,,,-23.19998748E-6,-54.00000000,
,,,-22.99998596E-6,-52.00000000,
,,,-22.79998625E-6,-52.00000000,
,,,-22.59998655E-6,-54.00000000,
,,,-22.39998685E-6,-52.00000000,
,,,-22.19998714E-6,-50.00000000,
,,,-21.99998744E-6,-50.00000000,
,,,-21.79998592E-6,-48.00000000,
,,,-21.59998621E-6,-50.00000000,
,,,-21.39998651E-6,-50.00000000,
,,,-21.19998680E-6,-46.00000000,
,,,-20.99998710E-6,-46.00000000,
,,,-20.79998740E-6,-46.00000000,
,,,-20.59998587E-6,-46.00000000,
,,,-20.39998617E-6,-46.00000000,
,,,-20.19998647E-6,-46.00000000,
,,,-19.9999868E-6,-46.00000000,
,,,-19.7999871E-6,-46.00000000,
,,,-19.5999874E-6,-44.00000000,
,,,-19.3999858E-6,-40.00000000,
,,,-19.1999861E-6,-44.00000000,
,,,-18.9999864E-6,-44.00000000,
,,,-18.7999867E-6,-40.00000000,
,,,-18.5999870E-6,-40.00000000,
,,,-18.3999873E-6,-40.00000000,
,,,-18.1999858E-6,-38.00000000,
,,,-17.9999861E-6,-38.00000000,
,,,-17.7999864E-6,-38.00000000,
,,,-17.5999867E-6,-38.00000000,
,,,-17.3999870E-6,-36.00000000,
,,,-17.1999873E-6,-36.00000000,
,,,-16.9999857E-6,-34.00000000,
,,,-16.7999860E-6,-36.00000000,
,,,-16.5999863E-6,-34.00000000,
,,,-16.3999866E-6,-34.00000000,
,,,-16.1999869E-6,-34.00000000,
,,,-15.9999872E-6,-34.00000000,
,,,-15.7999857E-6,-34.00000000,
,,,-15.5999860E-6,-32.00000000,
,,,-15.3999863E-6,-32.00000000,
,,,-15.1999866E-6,-32.00000000,
,,,-14.9999869E-6,-30.00000000,
,,,-14.7999863E-6,-30.00000000,
,,,-14.5999866E-6,-30.00000000,
,,,-14.3999869E-6,-30.00000000,
,,,-14.1999863E-6,-28.00000000,
,,,-13.9999865E-6,-26.00000000,
,,,-13.7999868E-6,-28.00000000,
,,,-13.5999862E-6,-28.00000000,
,,,-13.3999865E-6,-28.00000000,
,,,-13.1999868E-6,-26.00000000,
,,,-12.9999862E-6,-26.00000000,
,,,-12.7999865E-6,-24.00000000,
,,,-12.5999868E-6,-22.00000000,
,,,-12.3999862E-6,-24.00000000,
,,,-12.1999865E-6,-24.00000000,
,,,-11.9999868E-6,-24.00000000,
,,,-11.7999862E-6,-22.00000000,
,,,-11.5999865E-6,-22.00000000,
,,,-11.3999868E-6,-20.0000000,
,,,-11.1999861E-6,-20.0000000,
,,,-10.9999864E-6,-18.0000000,
,,,-10.7999867E-6,-20.0000000,
,,,-10.5999861E-6,-20.0000000,
,,,-10.3999864E-6,-18.0000000,
,,,-10.1999867E-6,-18.0000000,
,,,-9.999986105E-6,-18.0000000,
,,,-9.799986401E-6,-16.0000000,
,,,-9.599986697E-6,-16.0000000,
,,,-9.399986084E-6,-16.0000000,
,,,-9.199986380E-6,-16.0000000,
,,,-8.999986676E-6,-16.0000000,
,,,-8.799986063E-6,-16.0000000,
,,,-8.599986359E-6,-14.0000000,
,,,-8.399986655E-6,-12.0000000,
,,,-8.199986041E-6,-12.0000000,
,,,-7.999986337E-6,-12.0000000,
,,,-7.799986633E-6,-10.0000000,
,,,-7.599986475E-6,-12.0000000,
,,,-7.399986316E-6,-10.0000000,
,,,-7.19998661E-6,-12.0000000,
,,,-6.99998645E-6,-10.0000000,
,,,-6.79998629E-6,-8.000000000,
,,,-6.59998659E-6,-8.000000000,
,,,-6.39998643E-6,-8.000000000,
,,,-6.19998627E-6,-8.000000000,
,,,-5.99998657E-6,-8.000000000,
,,,-5.79998641E-6,-6.00000000,
,,,-5.59998625E-6,-6.00000000,
,,,-5.39998655E-6,-4.00000000,
,,,-5.19998639E-6,-6.00000000,
,,,-4.99998623E-6,-4.00000000,
,,,-4.79998653E-6,-2.0000000,
,,,-4.59998637E-6,-4.00000000,
,,,-4.39998621E-6,-2.0000000,
,,,-4.19998651E-6,-2.0000000,
,,,-3.99998635E-6,-2.0000000,
,,,-3.79998642E-6,-2.0000000,
,,,-3.59998648E-6,0.0,
,,,-3.39998633E-6,0.0,
,,,-3.19998639E-6,0.0,
,,,-2.99998646E-6,2.0000000,
,,,-2.79998631E-6,4.00000000,
,,,-2.5999864E-6,4.00000000,
,,,-2.3999864E-6,2.0000000,
,,,-2.1999865E-6,2.0000000,
,,,-1.9999864E-6,2.0000000,
,,,-1.7999864E-6,4.00000000,
,,,-1.5999864E-6,6.00000000,
,,,-1.3999864E-6,6.00000000,
,,,-1.1999864E-6,8.000000000,
,,,-999.986355055E-9,6.00000000,
,,,-799.986423772E-9,10.0000000,
,,,-599.986378802E-9,6.00000000,
,,,-399.98639068E-9,10.0000000,
,,,-199.98638834E-9,10.0000000,
,,,13.6139988E-12,8.000000000,
,,,200.01361634E-9,8.000000000,
,,,400.01361867E-9,12.0000000,
,,,600.013606800E-9,10.0000000,
,,,800.013594926E-9,10.0000000,
,,,1.0000136E-6,12.0000000,
,,,1.2000137E-6,12.0000000,
,,,1.4000136E-6,12.0000000,
,,,1.6000137E-6,12.0000000,
,,,1.8000136E-6,12.0000000,
,,,2.0000136E-6,14.0000000,
,,,2.2000136E-6,12.0000000,
,,,2.4000137E-6,16.0000000,
,,,2.6000137E-6,14.0000000,
,,,2.80001359E-6,16.0000000,
,,,3.00001375E-6,16.0000000,
,,,3.20001368E-6,18.0000000,
,,,3.40001361E-6,18.0000000,
,,,3.60001377E-6,18.0000000,
,,,3.80001370E-6,18.0000000,
,,,4.00001363E-6,18.0000000,
,,,4.20001379E-6,20.0000000,
,,,4.40001349E-6,20.0000000,
,,,4.60001365E-6,22.00000000,
,,,4.80001381E-6,20.0000000,
,,,5.00001352E-6,22.00000000,
,,,5.20001367E-6,22.00000000,
,,,5.40001383E-6,22.00000000,
,,,5.60001354E-6,24.00000000,
,,,5.80001370E-6,24.00000000,
,,,6.00001385E-6,24.00000000,
,,,6.20001356E-6,24.00000000,
,,,6.40001372E-6,26.00000000,
,,,6.60001388E-6,26.00000000,
,,,6.80001358E-6,24.00000000,
,,,7.00001374E-6,28.00000000,
,,,7.20001390E-6,28.00000000,
,,,7.400013601E-6,28.00000000,
,,,7.600013760E-6,28.00000000,
,,,7.800013918E-6,28.00000000,
,,,8.000013622E-6,30.00000000,
,,,8.200013326E-6,30.00000000,
,,,8.400013940E-6,32.00000000,
,,,8.600013643E-6,32.00000000,
,,,8.800013347E-6,32.00000000,
,,,9.000013961E-6,32.00000000,
,,,9.200013665E-6,34.00000000,
,,,9.400013369E-6,32.00000000,
,,,9.600013982E-6,34.00000000,
,,,9.800013686E-6,36.00000000,
,,,10.0000134E-6,36.00000000,
,,,10.2000140E-6,36.00000000,
,,,10.4000137E-6,36.00000000,
,,,10.6000134E-6,38.00000000,
,,,10.8000140E-6,38.00000000,
,,,11.0000137E-6,36.00000000,
,,,11.2000134E-6,38.00000000,
,,,11.4000140E-6,40.00000000,
,,,11.6000137E-6,38.00000000,
,,,11.8000135E-6,40.00000000,
,,,12.0000141E-6,40.00000000,
,,,12.2000138E-6,42.00000000,
,,,12.4000135E-6,44.00000000,
,,,12.6000141E-6,42.00000000,
,,,12.8000138E-6,42.00000000,
,,,13.0000135E-6,44.00000000,
,,,13.2000141E-6,44.00000000,
,,,13.4000138E-6,44.00000000,
,,,13.6000135E-6,44.00000000,
,,,13.8000141E-6,44.00000000,
,,,14.0000138E-6,46.00000000,
,,,14.2000135E-6,46.00000000,
,,,14.4000142E-6,48.00000000,
,,,14.6000139E-6,48.00000000,
,,,14.8000136E-6,48.00000000,
,,,15.0000142E-6,50.00000000,
,,,15.2000139E-6,50.00000000,
,,,15.4000136E-6,50.00000000,
,,,15.6000133E-6,50.00000000,
,,,15.8000130E-6,50.00000000,
,,,16.0000145E-6,50.00000000,
,,,16.2000142E-6,52.00000000,
,,,16.4000139E-6,52.00000000,
,,,16.6000136E-6,54.00000000,
,,,16.8000133E-6,52.00000000,
,,,17.0000130E-6,56.000000000,
,,,17.2000146E-6,54.00000000,
,,,17.4000143E-6,54.00000000,
,,,17.6000140E-6,56.000000000,
,,,17.8000137E-6,58.000000000,
,,,18.0000134E-6,56.000000000,
,,,18.2000131E-6,58.000000000,
,,,18.4000146E-6,60.000000000,
,,,18.6000143E-6,60.000000000,
,,,18.8000140E-6,58.000000000,
,,,19.0000137E-6,60.000000000,
,,,19.2000134E-6,60.000000000,
,,,19.4000131E-6,62.000000000,
,,,19.6000146E-6,62.000000000,
,,,19.8000143E-6,62.000000000,
,,,20.0000140E-6,64.000000000,
,,,20.20001375E-6,62.000000000,
,,,20.40001345E-6,64.000000000,
,,,20.60001316E-6,62.000000000,
,,,20.80001468E-6,66.000000000,
,,,21.00001439E-6,64.000000000,
,,,21.20001409E-6,68.000000000,
,,,21.40001379E-6,68.000000000,
,,,21.60001350E-6,66.000000000,
,,,21.80001320E-6,66.000000000,
,,,22.00001472E-6,68.000000000,
,,,22.20001443E-6,70.000000000,
,,,22.40001413E-6,72.000000000,
,,,22.60001384E-6,68.000000000,
,,,22.80001354E-6,70.000000000,
,,,23.00001324E-6,72.000000000,
,,,23.20001477E-6,72.000000000,
,,,23.40001447E-6,76.000000000,
,,,23.60001417E-6,76.000000000,
,,,23.80001388E-6,74.000000000,
,,,24.00001358E-6,74.000000000,
,,,24.20001329E-6,74.000000000,
,,,24.40001481E-6,76.000000000,
,,,24.60001451E-6,76.000000000,
,,,24.80001422E-6,78.000000000,
,,,25.00001392E-6,78.000000000,
,,,25.20001362E-6,76.000000000,
,,,25.40001333E-6,80.000000000,
,,,25.60001303E-6,80.000000000,
,,,25.80001455E-6,80.000000000,
,,,26.00001426E-6,80.000000000,
,,,26.20001396E-6,82.000000000,
,,,26.40001367E-6,82.000000000,
,,,26.60001337E-6,80.000000000,
,,,26.80001307E-6,82.000000000,
,,,27.00001460E-6,84.000000000,
,,,27.20001430E-6,84.000000000,
,,,27.40001401E-6,84.000000000,
,,,27.60001371E-6,84.000000000,
,,,27.80001341E-6,86.000000000,
,,,28.00001312E-6,88.000000000,
,,,28.20001464E-6,88.000000000,
,,,28.40001434E-6,88.000000000,
,,,28.60001405E-6,90.000000000,
,,,28.80001375E-6,88.000000000,
,,,29.00001346E-6,90.000000000,
,,,29.20001316E-6,88.000000000,
,,,29.40001468E-6,90.000000000,
,,,29.60001439E-6,92.000000000,
,,,29.80001409E-6,92.000000000,
,,,30.00001379E-6,92.000000000,
,,,30.20001350E-6,92.000000000,
,,,30.40001320E-6,94.000000000,
,,,30.60001472E-6,94.000000000,
,,,30.80001261E-6,94.000000000,
,,,31.00001413E-6,94.000000000,
,,,31.20001566E-6,98.000000000,
,,,31.40001354E-6,94.000000000,
,,,31.60001506E-6,96.000000000,
,,,31.80001295E-6,98.000000000,
,,,32.00001447E-6,100.0000000,
,,,32.20001236E-6,98.000000000,
,,,32.40001388E-6,98.000000000,
,,,32.60001540E-6,98.000000000,
,,,32.80001329E-6,100.0000000,
,,,33.00001481E-6,102.0000000,
,,,33.20001269E-6,102.0000000,
,,,33.40001422E-6,104.0000000,
,,,33.60001574E-6,102.0000000,
,,,33.80001363E-6,102.0000000,
,,,34.00001515E-6,104.0000000,
,,,34.20001303E-6,102.0000000,
,,,34.40001456E-6,106.0000000,
,,,34.60001244E-6,104.0000000,
,,,34.80001396E-6,106.0000000,
,,,35.00001549E-6,106.0000000,
,,,35.20001337E-6,108.0000000,
,,,35.40001489E-6,108.0000000,
,,,35.60001278E-6,108.0000000,
,,,35.80001430E-6,108.0000000,
,,,36.00001583E-6,110.0000000,
,,,36.20001371E-6,110.0000000,
,,,36.40001523E-6,110.0000000,
,,,36.60001312E-6,110.0000000,
,,,36.80001464E-6,112.0000000,
,,,37.00001253E-6,114.0000000,
,,,37.20001405E-6,110.0000000,
,,,37.40001557E-6,112.0000000,
,,,37.60001346E-6,114.0000000,
,,,37.80001498E-6,112.0000000,
,,,38.00001286E-6,116.0000000,
,,,38.20001439E-6,114.0000000,
,,,38.40001227E-6,114.0000000,
,,,38.60001380E-6,116.0000000,
,,,38.80001532E-6,116.0000000,
,,,39.00001320E-6,116.0000000,
,,,39.20001473E-6,114.0000000,
,,,39.40001261E-6,116.0000000,
,,,39.60001413E-6,116.0000000,
,,,39.80001566E-6,118.0000000,
,,,40.00001354E-6,118.0000000,
,,,40.20001506E-6,118.0000000,
,,,40.40001295E-6,116.0000000,
,,,40.60001447E-6,118.0000000,
,,,40.80001236E-6,118.0000000,
,,,41.00001388E-6,118.0000000,
,,,41.20001540E-6,118.0000000,
,,,41.40001329E-6,118.0000000,
,,,41.60001481E-6,118.0000000,
,,,41.80001270E-6,120.0000000,
,,,42.00001422E-6,122.0000000,
,,,42.20001574E-6,122.0000000,
,,,42.40001363E-6,120.0000000,
,,,42.60001515E-6,118.0000000,
,,,42.80001303E-6,122.0000000,
,,,43.00001456E-6,122.0000000,
,,,43.20001244E-6,122.0000000,
,,,43.40001396E-6,122.0000000,
,,,43.60001549E-6,122.0000000,
,,,43.80001337E-6,122.0000000,
,,,44.00001490E-6,120.0000000,
,,,44.20001278E-6,120.0000000,
,,,44.40001430E-6,122.0000000,
,,,44.60001583E-6,122.0000000,
,,,44.80001371E-6,122.0000000,
,,,45.00001523E-6,120.0000000,
,,,45.20001312E-6,124.0000000,
,,,45.40001464E-6,122.0000000,
,,,45.60001253E-6,120.0000000,
,,,45.80001405E-6,122.0000000,
,,,46.00001557E-6,122.0000000,
,,,46.20001346E-6,122.0000000,
,,,46.40001498E-6,120.0000000,
,,,46.60001287E-6,122.0000000,
,,,46.80001439E-6,122.0000000,
,,,47.00001591E-6,124.0000000,
,,,47.20001380E-6,126.0000000,
,,,47.40001532E-6,124.0000000,
,,,47.60001320E-6,122.0000000,
,,,47.80001473E-6,124.0000000,
,,,48.00001261E-6,124.0000000,
,,,48.20001413E-6,122.0000000,
,,,48.40001566E-6,124.0000000,
,,,48.60001354E-6,124.0000000,
,,,48.80001507E-6,124.0000000,
,,,49.00001295E-6,124.0000000,
,,,49.20001447E-6,126.0000000,
,,,49.40001600E-6,126.0000000,
,,,49.60001388E-6,124.0000000,
,,,49.80001540E-6,124.0000000,
,,,50.00001329E-6,124.0000000,
,,,50.20001481E-6,124.0000000,
,,,50.40001270E-6,124.0000000,
,,,50.60001422E-6,122.0000000,
,,,50.80001574E-6,124.0000000,
,,,51.00001363E-6,124.0000000,
,,,51.20001515E-6,124.0000000,
,,,51.40001304E-6,124.0000000,
,,,51.60001456E-6,124.0000000,
,,,51.80001244E-6,126.0000000,
,,,52.00001397E-6,124.0000000,
,,,52.20001549E-6,124.0000000,
,,,52.40001337E-6,124.0000000,
,,,52.60001490E-6,124.0000000,
,,,52.80001278E-6,124.0000000,
,,,53.00001430E-6,124.0000000,
,,,53.20001583E-6,122.0000000,
,,,53.40001371E-6,122.0000000,
,,,53.60001524E-6,122.0000000,
,,,53.80001312E-6,126.0000000,
,,,54.00001464E-6,124.0000000,
,,,54.20001253E-6,124.0000000,
,,,54.40001405E-6,126.0000000,
,,,54.600015574E-6,122.0000000,
,,,54.800013459E-6,122.0000000,
,,,55.000014981E-6,124.0000000,
,,,55.200012866E-6,124.0000000,
,,,55.400014389E-6,124.0000000,
,,,55.600015912E-6,124.0000000,
,,,55.800013797E-6,124.0000000,
,,,56.000015320E-6,124.0000000,
,,,56.200013205E-6,124.0000000,
,,,56.400014728E-6,124.0000000,
,,,56.600012613E-6,122.0000000,
,,,56.800014136E-6,124.0000000,
,,,57.000015659E-6,122.0000000,
,,,57.200013543E-6,124.0000000,
,,,57.400015066E-6,122.0000000,
,,,57.600012951E-6,120.0000000,
,,,57.800014474E-6,122.0000000,
,,,58.000015997E-6,124.0000000,
,,,58.200013882E-6,124.0000000,
,,,58.400015405E-6,124.0000000,
,,,58.600013290E-6,122.0000000,
,,,58.800014813E-6,120.0000000,
,,,59.000012698E-6,120.0000000,
,,,59.200014221E-6,122.0000000,
,,,59.400015743E-6,122.0000000,
,,,59.600013628E-6,122.0000000,
,,,59.800015151E-6,122.0000000,
,,,60.000013036E-6,122.0000000,
,,,60.200014559E-6,120.0000000,
,,,60.400016082E-6,120.0000000,
,,,60.600013967E-6,120.0000000,
,,,60.800015490E-6,120.0000000,
,,,61.000013375E-6,120.0000000,
,,,61.200014898E-6,120.0000000,
,,,61.400016421E-6,122.0000000,
,,,61.600017943E-6,120.0000000,
,,,61.800012190E-6,122.0000000,
,,,62.000013713E-6,120.0000000,
,,,62.200015236E-6,118.0000000,
,,,62.400016759E-6,120.0000000,
,,,62.600011006E-6,120.0000000,
,,,62.800012529E-6,118.0000000,
,,,63.000014052E-6,120.0000000,
,,,63.200015575E-6,118.0000000,
,,,63.400017098E-6,120.0000000,
,,,63.600011345E-6,118.0000000,
,,,63.800012867E-6,118.0000000,
,,,64.000014390E-6,118.0000000,
,,,64.200015913E-6,118.0000000,
,,,64.400017436E-6,120.0000000,
,,,64.600011683E-6,120.0000000,
,,,64.800013206E-6,118.0000000,
,,,65.000014729E-6,118.0000000,
,,,65.200016252E-6,120.0000000,
,,,65.400017775E-6,118.0000000,
,,,65.600012022E-6,118.0000000,
,,,65.800013545E-6,116.0000000,
,,,66.000015067E-6,118.0000000,
,,,66.200016590E-6,116.0000000,
,,,66.400010837E-6,116.0000000,
,,,66.600012360E-6,116.0000000,
,,,66.800013883E-6,116.0000000,
,,,67.000015406E-6,116.0000000,
,,,67.200016929E-6,116.0000000,
,,,67.400011176E-6,116.0000000,
,,,67.600012699E-6,116.0000000,
,,,67.800014222E-6,116.0000000,
,,,68.000015744E-6,116.0000000,
,,,68.200017267E-6,116.0000000,
,,,68.400011514E-6,116.0000000,
,,,68.600013037E-6,114.0000000,
,,,68.800014560E-6,114.0000000,
,,,69.000016083E-6,114.0000000,
,,,69.200017606E-6,114.0000000,
,,,69.400011853E-6,114.0000000,
,,,69.600013376E-6,114.0000000,
,,,69.800014899E-6,112.0000000,
,,,70.000016422E-6,114.0000000,
,,,70.200017944E-6,112.0000000,
,,,70.400012191E-6,116.0000000,
,,,70.600013714E-6,112.0000000,
,,,70.800015237E-6,112.0000000,
,,,71.000016760E-6,110.0000000,
,,,71.200011007E-6,110.0000000,
,,,71.400012530E-6,114.0000000,
,,,71.600014053E-6,112.0000000,
,,,71.800015576E-6,112.0000000,
,,,72.000017099E-6,114.0000000,
,,,72.200011346E-6,112.0000000,
,,,72.400012868E-6,112.0000000,
,,,72.600014391E-6,112.0000000,
,,,72.800015914E-6,110.0000000,
,,,73.000017437E-6,110.0000000,
,,,73.200011684E-6,110.0000000,
,,,73.400013207E-6,112.0000000,
,,,73.600014730E-6,112.0000000,
,,,73.800016253E-6,108.0000000,
,,,74.000017776E-6,110.0000000,
,,,74.200012023E-6,110.0000000,
,,,74.400013546E-6,110.0000000,
,,,74.600015068E-6,110.0000000,
,,,74.800016591E-6,110.0000000,
,,,75.000018114E-6,108.0000000,
,,,75.200012361E-6,108.0000000,
,,,75.400013884E-6,108.0000000,
,,,75.600015407E-6,108.0000000,
,,,75.800016930E-6,110.0000000,
,,,76.000011177E-6,106.0000000,
,,,76.200012700E-6,108.0000000,
,,,76.400014223E-6,110.0000000,
,,,76.600015745E-6,108.0000000,
,,,76.800017268E-6,106.0000000,
,,,77.000011515E-6,110.0000000,
,,,77.200013038E-6,106.0000000,
,,,77.400014561E-6,106.0000000,
,,,77.600016084E-6,106.0000000,
,,,77.800017607E-6,106.0000000,
,,,78.000011854E-6,108.0000000,
,,,78.200013377E-6,108.0000000,
,,,78.400014900E-6,108.0000000,
,,,78.600016423E-6,108.0000000,
,,,78.800017945E-6,104.0000000,
,,,79.000012192E-6,106.0000000,
,,,79.200013715E-6,106.0000000,
,,,79.400015238E-6,106.0000000,
,,,79.600016761E-6,104.0000000,
,,,79.800011008E-6,104.0000000,
,,,80.000012531E-6,104.0000000,
,,,80.200014054E-6,106.0000000,
,,,80.400015577E-6,106.0000000,
,,,80.600017100E-6,104.0000000,
,,,80.800011347E-6,104.0000000,
,,,81.000012869E-6,104.0000000,
,,,81.200014392E-6,104.0000000,
,,,81.400015915E-6,102.0000000,
,,,81.600017438E-6,104.0000000,
,,,81.800011685E-6,106.0000000,
,,,82.000013208E-6,102.0000000,
,,,82.200014731E-6,102.0000000,
,,,82.400016254E-6,102.0000000,
,,,82.600017777E-6,104.0000000,
,,,82.800012024E-6,102.0000000,
,,,83.000013547E-6,104.0000000,
,,,83.200015069E-6,102.0000000,
,,,83.400016592E-6,102.0000000,
,,,83.600018115E-6,100.0000000,
,,,83.800012362E-6,102.0000000,
,,,84.000013885E-6,100.0000000,
,,,84.200015408E-6,100.0000000,
,,,84.400016931E-6,102.0000000,
,,,84.600011178E-6,102.0000000,
,,,84.800012701E-6,100.0000000,
,,,85.000014224E-6,102.0000000,
,,,85.200015747E-6,100.0000000,
,,,85.400017269E-6,100.0000000,
,,,85.600011516E-6,100.0000000,
,,,85.800013039E-6,100.0000000,
,,,86.000014562E-6,100.0000000,
,,,86.200016085E-6,100.0000000,
,,,86.400017608E-6,98.000000000,
,,,86.600011855E-6,98.000000000,
,,,86.800013378E-6,100.0000000,
,,,87.000014901E-6,98.000000000,
,,,87.200016424E-6,98.000000000,
,,,87.400017946E-6,98.000000000,
,,,87.600012193E-6,96.000000000,
,,,87.800013716E-6,98.000000000,
,,,88.000015239E-6,98.000000000,
,,,88.200016762E-6,98.000000000,
,,,88.400018285E-6,96.000000000,
,,,88.600012532E-6,96.000000000,
,,,88.800014055E-6,98.000000000,
,,,89.000015578E-6,96.000000000,
,,,89.200017101E-6,96.000000000,
,,,89.400011348E-6,96.000000000,
,,,89.600012871E-6,98.000000000,
,,,89.800014393E-6,96.000000000,
,,,90.000015916E-6,96.000000000,
,,,90.200017439E-6,94.000000000,
,,,90.400011686E-6,94.000000000,
,,,90.600013209E-6,94.000000000,
,,,90.800014732E-6,92.000000000,
,,,91.000016255E-6,92.000000000,
,,,91.200017778E-6,92.000000000,
,,,91.400012025E-6,92.000000000,
,,,91.600013548E-6,92.000000000,
,,,91.800015070E-6,92.000000000,
,,,92.000016593E-6,92.000000000,
,,,92.200018116E-6,94.000000000,
,,,92.400012363E-6,92.000000000,
,,,92.600013886E-6,92.000000000,
,,,92.800015409E-6,92.000000000,
,,,93.000016932E-6,88.000000000,
,,,93.200011179E-6,88.000000000,
,,,93.400012702E-6,88.000000000,
,,,93.600014225E-6,86.000000000,
,,,93.800015748E-6,90.000000000,
,,,94.000017270E-6,90.000000000,
,,,94.200011517E-6,88.000000000,
,,,94.400013040E-6,88.000000000,
,,,94.600014563E-6,90.000000000,
,,,94.800016086E-6,88.000000000,
,,,95.000017609E-6,88.000000000,
,,,95.200011856E-6,84.000000000,
,,,95.400013379E-6,88.000000000,
,,,95.600014902E-6,86.000000000,
,,,95.800016425E-6,84.000000000,
,,,96.000017948E-6,88.000000000,
,,,96.200012194E-6,86.000000000,
,,,96.400013717E-6,86.000000000,
,,,96.600015240E-6,82.000000000,
,,,96.800016763E-6,84.000000000,
,,,97.000018286E-6,84.000000000,
,,,97.200012533E-6,82.000000000,
,,,97.400014056E-6,84.000000000,
,,,97.600015579E-6,84.000000000,
,,,97.800017102E-6,82.000000000,
,,,98.000011349E-6,82.000000000,
,,,98.200012872E-6,84.000000000,
,,,98.400014394E-6,80.000000000,
,,,98.600015917E-6,82.000000000,
,,,98.800017440E-6,80.000000000,
,,,99.000011687E-6,78.000000000,
,,,99.200013210E-6,80.000000000,
,,,99.400014733E-6,80.000000000,
,,,99.600016256E-6,80.000000000,
,,,99.800017779E-6,78.000000000,
,,,100.0000120E-6,78.000000000,
,,,100.2000135E-6,78.000000000,
,,,100.4000151E-6,78.000000000,
,,,100.6000166E-6,78.000000000,
,,,100.8000181E-6,76.000000000,
,,,101.0000124E-6,76.000000000,
,,,101.2000139E-6,76.000000000,
,,,101.4000154E-6,74.000000000,
,,,101.6000169E-6,76.000000000,
,,,101.8000112E-6,74.000000000,
,,,102.0000127E-6,72.000000000,
,,,102.2000142E-6,74.000000000,
,,,102.4000157E-6,74.000000000,
,,,102.6000173E-6,76.000000000,
,,,102.8000115E-6,74.000000000,
,,,103.0000130E-6,72.000000000,
,,,103.2000146E-6,72.000000000,
,,,103.4000161E-6,72.000000000,
,,,103.6000176E-6,72.000000000,
,,,103.8000119E-6,70.000000000,
,,,104.0000134E-6,70.000000000,
,,,104.2000149E-6,70.000000000,
,,,104.4000164E-6,70.000000000,
,,,104.6000179E-6,68.000000000,
,,,104.8000122E-6,70.000000000,
,,,105.0000137E-6,68.000000000,
,,,105.2000152E-6,68.000000000,
,,,105.4000168E-6,68.000000000,
,,,105.6000183E-6,68.000000000,
,,,105.8000125E-6,66.000000000,
,,,106.0000141E-6,66.000000000,
,,,106.2000156E-6,64.000000000,
,,,106.4000171E-6,66.000000000,
,,,106.6000113E-6,64.000000000,
,,,106.8000129E-6,64.000000000,
,,,107.0000144E-6,64.000000000,
,,,107.2000159E-6,64.000000000,
,,,107.4000174E-6,66.000000000,
,,,107.6000117E-6,64.000000000,
,,,107.8000132E-6,64.000000000,
,,,108.0000147E-6,64.000000000,
,,,108.2000163E-6,62.000000000,
,,,108.4000178E-6,62.000000000,
,,,108.6000120E-6,62.000000000,
,,,108.8000135E-6,60.000000000,
,,,109.0000151E-6,60.000000000,
,,,109.2000166E-6,60.000000000,
,,,109.4000181E-6,60.000000000,
,,,109.6000124E-6,58.000000000,
,,,109.8000139E-6,58.000000000,
,,,110.0000154E-6,58.000000000,
,,,110.2000169E-6,58.000000000,
,,,110.4000185E-6,56.000000000,
,,,110.6000127E-6,56.000000000,
,,,110.8000142E-6,56.000000000,
,,,111.0000157E-6,56.000000000,
,,,111.2000173E-6,56.000000000,
,,,111.4000115E-6,56.000000000,
,,,111.6000130E-6,54.00000000,
,,,111.8000146E-6,54.00000000,
,,,112.0000161E-6,54.00000000,
,,,112.2000176E-6,54.00000000,
,,,112.4000119E-6,54.00000000,
,,,112.6000134E-6,52.00000000,
,,,112.8000149E-6,52.00000000,
,,,113.0000164E-6,52.00000000,
,,,113.2000179E-6,50.00000000,
,,,113.4000122E-6,48.00000000,
,,,113.6000137E-6,50.00000000,
,,,113.8000152E-6,52.00000000,
,,,114.0000168E-6,50.00000000,
,,,114.2000183E-6,52.00000000,
,,,114.4000125E-6,48.00000000,
,,,114.6000141E-6,48.00000000,
,,,114.8000156E-6,48.00000000,
,,,115.0000171E-6,48.00000000,
,,,115.2000114E-6,48.00000000,
,,,115.4000129E-6,46.00000000,
,,,115.6000144E-6,46.00000000,
,,,115.8000159E-6,46.00000000,
,,,116.0000174E-6,48.00000000,
,,,116.2000117E-6,46.00000000,
,,,116.4000132E-6,44.00000000,
,,,116.6000147E-6,44.00000000,
,,,116.8000163E-6,46.00000000,
,,,117.0000178E-6,42.00000000,
,,,117.2000120E-6,44.00000000,
,,,117.4000136E-6,42.00000000,
,,,117.6000151E-6,44.00000000,
,,,117.8000166E-6,42.00000000,
,,,118.0000181E-6,42.00000000,
,,,118.2000124E-6,40.00000000,
,,,118.4000139E-6,38.00000000,
,,,118.6000154E-6,40.00000000,
,,,118.8000169E-6,38.00000000,
,,,119.0000185E-6,40.00000000,
,,,119.2000127E-6,40.00000000,
,,,119.4000142E-6,38.00000000,
,,,119.6000158E-6,34.00000000,
,,,119.8000173E-6,38.00000000,
,,,120.0000115E-6,34.00000000,
,,,120.2000130E-6,36.00000000,
,,,120.4000146E-6,34.00000000,
,,,120.6000161E-6,36.00000000,
,,,120.8000176E-6,34.00000000,
,,,121.0000119E-6,34.00000000,
,,,121.2000134E-6,34.00000000,
,,,121.4000149E-6,34.00000000,
,,,121.6000164E-6,32.00000000,
,,,121.8000180E-6,32.00000000,
,,,122.0000122E-6,32.00000000,
,,,122.2000137E-6,30.00000000,
,,,122.4000152E-6,32.00000000,
,,,122.6000168E-6,30.00000000,
,,,122.8000183E-6,30.00000000,
,,,123.0000198E-6,32.00000000,
,,,123.2000213E-6,30.00000000,
,,,123.4000083E-6,30.00000000,
,,,123.6000098E-6,30.00000000,
,,,123.8000114E-6,28.00000000,
,,,124.0000129E-6,28.00000000,
,,,124.2000144E-6,26.00000000,
,,,124.4000159E-6,28.00000000,
,,,124.6000174E-6,28.00000000,
,,,124.8000190E-6,24.00000000,
,,,125.0000205E-6,26.00000000,
,,,125.2000220E-6,26.00000000,
,,,125.4000090E-6,24.00000000,
,,,125.6000105E-6,24.00000000,
,,,125.8000120E-6,24.00000000,
,,,126.0000136E-6,24.00000000,
,,,126.2000151E-6,22.00000000,
,,,126.4000166E-6,22.00000000,
,,,126.6000181E-6,20.0000000,
,,,126.8000196E-6,22.00000000,
,,,127.0000212E-6,20.0000000,
,,,127.2000081E-6,22.00000000,
,,,127.4000097E-6,22.00000000,
,,,127.6000112E-6,20.0000000,
,,,127.8000127E-6,22.00000000,
,,,128.0000142E-6,20.0000000,
,,,128.2000158E-6,18.0000000,
,,,128.4000173E-6,18.0000000,
,,,128.6000188E-6,16.0000000,
,,,128.8000203E-6,18.0000000,
,,,129.0000218E-6,16.0000000,
,,,129.2000088E-6,16.0000000,
,,,129.4000103E-6,14.0000000,
,,,129.6000119E-6,16.0000000,
,,,129.8000134E-6,14.0000000,
,,,130.0000149E-6,14.0000000,
,,,130.2000164E-6,14.0000000,
,,,130.4000180E-6,14.0000000,
,,,130.6000195E-6,12.0000000,
,,,130.8000210E-6,12.0000000,
,,,131.0000080E-6,12.0000000,
,,,131.2000095E-6,12.0000000,
,,,131.4000110E-6,12.0000000,
,,,131.6000125E-6,12.0000000,
,,,131.8000141E-6,12.0000000,
,,,132.0000156E-6,12.0000000,
,,,132.2000171E-6,10.0000000,
,,,132.4000186E-6,10.0000000,
,,,132.6000202E-6,8.000000000,
,,,132.8000217E-6,8.000000000,
,,,133.0000086E-6,8.000000000,
,,,133.2000102E-6,8.000000000,
,,,133.4000117E-6,6.00000000,
,,,133.6000132E-6,8.000000000,
,,,133.8000147E-6,6.00000000,
,,,134.0000163E-6,8.000000000,
,,,134.2000178E-6,6.00000000,
,,,134.4000193E-6,4.00000000,
,,,134.6000208E-6,4.00000000,
,,,134.8000224E-6,4.00000000,
,,,135.0000093E-6,2.0000000,
,,,135.2000108E-6,2.0000000,
,,,135.4000124E-6,4.00000000,
,,,135.6000139E-6,2.0000000,
,,,135.8000154E-6,2.0000000,
,,,136.0000169E-6,2.0000000,
,,,136.2000185E-6,2.0000000,
,,,136.4000200E-6,0.0,
,,,136.6000215E-6,-2.0000000,
,,,136.8000085E-6,-2.0000000,
,,,137.0000100E-6,0.0,
,,,137.2000115E-6,-2.0000000,
,,,137.4000130E-6,-2.0000000,
,,,137.6000146E-6,-2.0000000,
,,,137.8000161E-6,-2.0000000,
,,,138.0000176E-6,-4.00000000,
,,,138.2000191E-6,-4.00000000,
,,,138.4000207E-6,-4.00000000,
,,,138.6000222E-6,-6.00000000,
,,,138.8000092E-6,-4.00000000,
,,,139.0000107E-6,-6.00000000,
,,,139.2000122E-6,-6.00000000,
,,,139.4000137E-6,-6.00000000,
,,,139.6000152E-6,-6.00000000,
,,,139.8000168E-6,-8.000000000,
,,,140.0000183E-6,-8.000000000,
,,,140.2000198E-6,-8.000000000,
,,,140.4000213E-6,-8.000000000,
,,,140.6000083E-6,-8.000000000,
,,,140.8000098E-6,-10.0000000,
,,,141.0000114E-6,-10.0000000,
,,,141.2000129E-6,-10.0000000,
,,,141.4000144E-6,-12.0000000,
,,,141.6000159E-6,-12.0000000,
,,,141.8000174E-6,-10.0000000,
,,,142.0000190E-6,-12.0000000,
,,,142.2000205E-6,-12.0000000,
,,,142.4000220E-6,-12.0000000,
,,,142.6000090E-6,-12.0000000,
,,,142.8000105E-6,-14.0000000,
,,,143.0000120E-6,-12.0000000,
,,,143.2000136E-6,-16.0000000,
,,,143.4000151E-6,-16.0000000,
,,,143.6000166E-6,-16.0000000,
,,,143.8000181E-6,-16.0000000,
,,,144.0000196E-6,-16.0000000,
,,,144.2000212E-6,-16.0000000,
,,,144.4000081E-6,-16.0000000,
,,,144.6000097E-6,-18.0000000,
,,,144.8000112E-6,-18.0000000,
,,,145.0000127E-6,-18.0000000,
,,,145.2000142E-6,-20.0000000,
,,,145.4000158E-6,-18.0000000,
,,,145.6000173E-6,-20.0000000,
,,,145.8000188E-6,-22.00000000,
,,,146.0000203E-6,-22.00000000,
,,,146.2000218E-6,-22.00000000,
,,,146.4000088E-6,-22.00000000,
,,,146.6000103E-6,-24.00000000,
,,,146.8000119E-6,-24.00000000,
,,,147.0000134E-6,-22.00000000,
,,,147.2000149E-6,-24.00000000,
,,,147.4000164E-6,-24.00000000,
,,,147.6000180E-6,-24.00000000,
,,,147.8000195E-6,-24.00000000,
,,,148.0000210E-6,-26.00000000,
,,,148.2000225E-6,-26.00000000,
,,,148.4000095E-6,-26.00000000,
,,,148.60001102E-6,-28.00000000,
,,,148.80001254E-6,-26.00000000,
,,,149.00001406E-6,-26.00000000,
,,,149.20001558E-6,-30.00000000,
,,,149.40001711E-6,-30.00000000,
,,,149.60001863E-6,-30.00000000,
,,,149.80002015E-6,-30.00000000,
,,,150.00002168E-6,-30.00000000,
,,,150.20000865E-6,-32.00000000,
,,,150.40001017E-6,-32.00000000,
,,,150.60001169E-6,-34.00000000,
,,,150.80001322E-6,-32.00000000,
,,,151.00001474E-6,-32.00000000,
,,,151.20001626E-6,-32.00000000,
,,,151.40001778E-6,-34.00000000,
,,,151.60001931E-6,-34.00000000,
,,,151.80002083E-6,-36.00000000,
,,,152.00002235E-6,-34.00000000,
,,,152.20000932E-6,-36.00000000,
,,,152.40001085E-6,-36.00000000,
,,,152.60001237E-6,-38.00000000,
,,,152.80001389E-6,-38.00000000,
,,,153.00001542E-6,-38.00000000,
,,,153.20001694E-6,-40.00000000,
,,,153.40001846E-6,-40.00000000,
,,,153.60001998E-6,-40.00000000,
,,,153.80002151E-6,-40.00000000,
,,,154.00000848E-6,-38.00000000,
,,,154.20001000E-6,-42.00000000,
,,,154.40001152E-6,-42.00000000,
,,,154.60001305E-6,-42.00000000,
,,,154.80001457E-6,-42.00000000,
,,,155.00001609E-6,-42.00000000,
,,,155.20001762E-6,-44.00000000,
,,,155.40001914E-6,-46.00000000,
,,,155.60002066E-6,-44.00000000,
,,,155.80002218E-6,-44.00000000,
,,,156.00000916E-6,-48.00000000,
,,,156.20001068E-6,-48.00000000,
,,,156.40001220E-6,-46.00000000,
,,,156.60001372E-6,-48.00000000,
,,,156.80001525E-6,-48.00000000,
,,,157.00001677E-6,-46.00000000,
,,,157.20001829E-6,-48.00000000,
,,,157.40001982E-6,-50.00000000,
,,,157.60002134E-6,-50.00000000,
,,,157.80000831E-6,-50.00000000,
,,,158.00000983E-6,-50.00000000,
,,,158.20001136E-6,-50.00000000,
,,,158.40001288E-6,-52.00000000,
,,,158.60001440E-6,-52.00000000,
,,,158.80001592E-6,-52.00000000,
,,,159.00001745E-6,-52.00000000,
,,,159.20001897E-6,-54.00000000,
,,,159.40002049E-6,-54.00000000,
,,,159.60002202E-6,-54.00000000,
,,,159.80000899E-6,-54.00000000,
,,,160.00001051E-6,-54.00000000,
,,,160.20001203E-6,-54.00000000,
,,,160.40001356E-6,-56.000000000,
,,,160.60001508E-6,-56.000000000,
,,,160.80001660E-6,-56.000000000,
,,,161.00001812E-6,-58.000000000,
,,,161.20001965E-6,-58.000000000,
,,,161.40002117E-6,-60.000000000,
,,,161.60002269E-6,-56.000000000,
,,,161.80000966E-6,-60.000000000,
,,,162.00001119E-6,-60.000000000,
,,,162.20001271E-6,-62.000000000,
,,,162.40001423E-6,-60.000000000,
,,,162.60001576E-6,-62.000000000,
,,,162.80001728E-6,-62.000000000,
,,,163.00001880E-6,-60.000000000,
,,,163.20002032E-6,-62.000000000,
,,,163.40002185E-6,-64.000000000,
,,,163.60000882E-6,-62.000000000,
,,,163.80001034E-6,-66.000000000,
,,,164.00001186E-6,-62.000000000,
,,,164.20001339E-6,-64.000000000,
,,,164.40001491E-6,-64.000000000,
,,,164.60001643E-6,-66.000000000,
,,,164.80001796E-6,-66.000000000,
,,,165.00001948E-6,-68.000000000,
,,,165.20002100E-6,-68.000000000,
,,,165.40002252E-6,-68.000000000,
,,,165.60000950E-6,-68.000000000,
,,,165.80001102E-6,-68.000000000,
,,,166.00001254E-6,-68.000000000,
,,,166.20001406E-6,-70.000000000,
,,,166.40001559E-6,-72.000000000,
,,,166.60001711E-6,-72.000000000,
,,,166.80001863E-6,-72.000000000,
,,,167.00002016E-6,-72.000000000,
,,,167.20002168E-6,-72.000000000,
,,,167.40000865E-6,-72.000000000,
,,,167.60001017E-6,-74.000000000,
,,,167.80001170E-6,-74.000000000,
,,,168.00001322E-6,-74.000000000,
,,,168.20001474E-6,-74.000000000,
,,,168.40001626E-6,-76.000000000,
,,,168.60001779E-6,-76.000000000,
,,,168.80001931E-6,-76.000000000,
,,,169.00002083E-6,-80.000000000,
,,,169.20002236E-6,-78.000000000,
,,,169.40000933E-6,-80.000000000,
,,,169.60001085E-6,-80.000000000,
,,,169.80001237E-6,-80.000000000,
,,,170.00001390E-6,-80.000000000,
,,,170.20001542E-6,-80.000000000,
,,,170.40001694E-6,-82.000000000,
,,,170.60001846E-6,-82.000000000,
,,,170.80001999E-6,-82.000000000,
,,,171.00002151E-6,-82.000000000,
,,,171.20000848E-6,-82.000000000,
,,,171.40001000E-6,-82.000000000,
,,,171.60001153E-6,-84.000000000,
,,,171.80001305E-6,-86.000000000,
,,,172.00001457E-6,-86.000000000,
,,,172.20001610E-6,-86.000000000,
,,,172.40001762E-6,-88.000000000,
,,,172.60001914E-6,-86.000000000,
,,,172.80002066E-6,-88.000000000,
,,,173.00002219E-6,-86.000000000,
,,,173.20000916E-6,-86.000000000,
,,,173.40001068E-6,-90.000000000,
,,,173.60001220E-6,-88.000000000,
,,,173.80001373E-6,-90.000000000,
,,,174.00001525E-6,-90.000000000,
,,,174.20001677E-6,-90.000000000,
,,,174.40001830E-6,-90.000000000,
,,,174.60001982E-6,-92.000000000,
,,,174.80002134E-6,-92.000000000,
,,,175.00002286E-6,-92.000000000,
,,,175.20000983E-6,-94.000000000,
,,,175.40001136E-6,-92.000000000,
,,,175.60001288E-6,-94.000000000,
,,,175.80001440E-6,-98.000000000,
,,,176.00001593E-6,-96.000000000,
,,,176.20001745E-6,-94.000000000,
,,,176.40001897E-6,-96.000000000,
,,,176.60002050E-6,-94.000000000,
,,,176.80002202E-6,-96.000000000,
,,,177.00000899E-6,-96.000000000,
,,,177.20001051E-6,-98.000000000,
,,,177.40001203E-6,-98.000000000,
,,,177.60001356E-6,-96.000000000,
,,,177.80001508E-6,-102.0000000,
,,,178.00001660E-6,-98.000000000,
,,,178.20001813E-6,-100.0000000,
,,,178.40001965E-6,-102.0000000,
,,,178.60002117E-6,-100.0000000,
,,,178.80002270E-6,-100.0000000,
,,,179.00000967E-6,-102.0000000,
,,,179.20001119E-6,-104.0000000,
,,,179.40001271E-6,-102.0000000,
,,,179.60001423E-6,-104.0000000,
,,,179.80001576E-6,-106.0000000,
,,,180.00001728E-6,-104.0000000,
,,,180.20001880E-6,-106.0000000,
,,,180.40002033E-6,-106.0000000,
,,,180.60002185E-6,-106.0000000,
,,,180.80000882E-6,-106.0000000,
,,,181.00001034E-6,-108.0000000,
,,,181.20001187E-6,-108.0000000,
,,,181.40001339E-6,-106.0000000,
,,,181.60001491E-6,-108.0000000,
,,,181.80001643E-6,-108.0000000,
,,,182.00001796E-6,-108.0000000,
,,,182.20001948E-6,-110.0000000,
,,,182.40002100E-6,-110.0000000,
,,,182.60002253E-6,-108.0000000,
,,,182.80000950E-6,-110.0000000,
,,,183.00001102E-6,-112.0000000,
,,,183.20001254E-6,-110.0000000,
,,,183.40001407E-6,-112.0000000,
,,,183.60001559E-6,-114.0000000,
,,,183.80001711E-6,-112.0000000,
,,,184.00001863E-6,-114.0000000,
,,,184.20002016E-6,-114.0000000,
,,,184.40002168E-6,-114.0000000,
,,,184.60000865E-6,-116.0000000,
,,,184.80001017E-6,-116.0000000,
,,,185.00001170E-6,-116.0000000,
,,,185.20001322E-6,-114.0000000,
,,,185.40001474E-6,-116.0000000,
,,,185.60001627E-6,-116.0000000,
,,,185.80001779E-6,-116.0000000,
,,,186.00001931E-6,-118.0000000,
,,,186.20002083E-6,-118.0000000,
,,,186.40002236E-6,-118.0000000,
,,,186.60000933E-6,-116.0000000,
,,,186.80001085E-6,-118.0000000,
,,,187.00001237E-6,-120.0000000,
,,,187.20001390E-6,-120.0000000,
,,,187.40001542E-6,-118.0000000,
,,,187.60001694E-6,-118.0000000,
,,,187.80001847E-6,-118.0000000,
,,,188.00001999E-6,-120.0000000,
,,,188.20002151E-6,-120.0000000,
,,,188.40002303E-6,-122.0000000,
,,,188.60001001E-6,-120.0000000,
,,,188.80001153E-6,-124.0000000,
,,,189.00001305E-6,-122.0000000,
,,,189.20001457E-6,-124.0000000,
,,,189.40001610E-6,-124.0000000,
,,,189.60001762E-6,-124.0000000,
,,,189.80001914E-6,-124.0000000,
,,,190.00002067E-6,-126.0000000,
,,,190.20002219E-6,-126.0000000,
,,,190.40000916E-6,-126.0000000,
,,,190.60001068E-6,-128.0000000,
,,,190.80001221E-6,-126.0000000,
,,,191.00001373E-6,-126.0000000,
,,,191.20001525E-6,-128.0000000,
,,,191.40001677E-6,-126.0000000,
,,,191.60001830E-6,-128.0000000,
,,,191.80001982E-6,-130.0000000,
,,,192.00002134E-6,-128.0000000,
,,,192.20002287E-6,-128.0000000,
,,,192.40000984E-6,-130.0000000,
,,,192.60001136E-6,-130.0000000,
,,,192.80001288E-6,-130.0000000,
,,,193.00001441E-6,-130.0000000,
,,,193.20001593E-6,-130.0000000,
,,,193.40001745E-6,-132.0000000,
,,,193.60001897E-6,-130.0000000,
,,,193.80002050E-6,-130.0000000,
,,,194.00002202E-6,-130.0000000,
,,,194.20000899E-6,-132.0000000,
,,,194.40001051E-6,-132.0000000,
,,,194.60001204E-6,-132.0000000,
,,,194.80001356E-6,-132.0000000,
,,,195.00001508E-6,-132.0000000,
,,,195.20001661E-6,-134.0000000,
,,,195.40001813E-6,-130.0000000,
,,,195.60001965E-6,-134.0000000,
,,,195.80002117E-6,-134.0000000,
,,,196.00002270E-6,-134.0000000,
,,,196.20000967E-6,-134.0000000,
,,,196.40001119E-6,-134.0000000,
,,,196.60001271E-6,-134.0000000,
,,,196.80001424E-6,-132.0000000,
,,,197.00001576E-6,-134.0000000,
,,,197.20001728E-6,-132.0000000,
,,,197.40001881E-6,-136.0000000,
,,,197.60002033E-6,-132.0000000,
,,,197.80002185E-6,-134.0000000,
,,,198.00000882E-6,-134.0000000,
,,,198.20001035E-6,-136.0000000,
,,,198.40001187E-6,-134.0000000,
,,,198.60001339E-6,-136.0000000,
,,,198.80001491E-6,-136.0000000,
,,,199.00001644E-6,-134.0000000,
,,,199.20001796E-6,-134.0000000,
,,,199.40001948E-6,-134.0000000,
,,,199.60002101E-6,-134.0000000,
,,,199.80002253E-6,-136.0000000,
,,,200.00000950E-6,-136.0000000,
,,,200.20001102E-6,-136.0000000,
,,,200.40001255E-6,-134.0000000,
,,,200.60001407E-6,-136.0000000,
,,,200.80001559E-6,-136.0000000,
,,,201.00001711E-6,-136.0000000,
,,,201.20001864E-6,-136.0000000,
,,,201.40002016E-6,-134.0000000,
,,,201.60002168E-6,-134.0000000,
,,,201.80002321E-6,-136.0000000,
,,,202.00001018E-6,-134.0000000,
,,,202.20001170E-6,-134.0000000,
,,,202.40001322E-6,-136.0000000,
,,,202.60001475E-6,-134.0000000,
,,,202.80001627E-6,-134.0000000,
,,,203.00001779E-6,-136.0000000,
,,,203.20001931E-6,-134.0000000,
,,,203.40002084E-6,-134.0000000,
,,,203.60002236E-6,-134.0000000,
,,,203.80000933E-6,-134.0000000,
,,,204.00001085E-6,-134.0000000,
,,,204.20001238E-6,-134.0000000,
,,,204.40001390E-6,-136.0000000,
,,,204.60001542E-6,-134.0000000,
,,,204.80001695E-6,-134.0000000,
,,,205.00001847E-6,-134.0000000,
,,,205.20001999E-6,-134.0000000,
,,,205.40002151E-6,-134.0000000,
,,,205.60002304E-6,-136.0000000,
,,,205.80001001E-6,-136.0000000,
,,,206.00001153E-6,-134.0000000,
,,,206.20001305E-6,-134.0000000,
,,,206.40001458E-6,-134.0000000,
,,,206.60001610E-6,-136.0000000,
,,,206.80001762E-6,-132.0000000,
,,,207.00001915E-6,-134.0000000,
,,,207.20002067E-6,-132.0000000,
,,,207.40002219E-6,-134.0000000,
,,,207.60000916E-6,-134.0000000,
,,,207.80001068E-6,-134.0000000,
,,,208.00001221E-6,-132.0000000,
,,,208.20001373E-6,-134.0000000,
,,,208.40001525E-6,-132.0000000,
,,,208.60001678E-6,-134.0000000,
,,,208.80001830E-6,-130.0000000,
,,,209.00001982E-6,-132.0000000,
,,,209.20002135E-6,-130.0000000,
,,,209.40002287E-6,-132.0000000,
,,,209.60000984E-6,-132.0000000,
,,,209.80001136E-6,-132.0000000,
,,,210.00001288E-6,-134.0000000,
,,,210.20001441E-6,-130.0000000,
,,,210.40001593E-6,-132.0000000,
,,,210.60001745E-6,-132.0000000,
,,,210.80001898E-6,-130.0000000,
,,,211.00002050E-6,-132.0000000,
,,,211.20002202E-6,-130.0000000,
,,,211.40000899E-6,-132.0000000,
,,,211.60001052E-6,-132.0000000,
,,,211.80001204E-6,-130.0000000,
,,,212.00001356E-6,-132.0000000,
,,,212.20001508E-6,-132.0000000,
,,,212.40001661E-6,-130.0000000,
,,,212.60001813E-6,-132.0000000,
,,,212.80001965E-6,-132.0000000,
,,,213.00002118E-6,-130.0000000,
,,,213.20002270E-6,-132.0000000,
,,,213.40000967E-6,-128.0000000,
,,,213.60001119E-6,-130.0000000,
,,,213.80001272E-6,-130.0000000,
,,,214.00001424E-6,-128.0000000,
,,,214.20001576E-6,-130.0000000,
,,,214.40001728E-6,-130.0000000,
,,,214.60001881E-6,-128.0000000,
,,,214.80002033E-6,-130.0000000,
,,,215.00002185E-6,-128.0000000,
,,,215.20002338E-6,-130.0000000,
,,,215.40001035E-6,-128.0000000,
,,,215.60001187E-6,-128.0000000,
,,,215.80001339E-6,-128.0000000,
,,,216.00001492E-6,-128.0000000,
,,,216.20001644E-6,-128.0000000,
,,,216.40001796E-6,-128.0000000,
,,,216.60001948E-6,-126.0000000,
,,,216.80002101E-6,-126.0000000,
,,,217.00002253E-6,-126.0000000,
,,,217.20000950E-6,-126.0000000,
,,,217.40001102E-6,-128.0000000,
,,,217.60001255E-6,-126.0000000,
,,,217.80001407E-6,-128.0000000,
,,,218.00001559E-6,-126.0000000,
,,,218.20001712E-6,-124.0000000,
,,,218.40001864E-6,-126.0000000,
,,,218.60002016E-6,-124.0000000,
,,,218.80002168E-6,-124.0000000,
,,,219.00002321E-6,-124.0000000,
,,,219.20001018E-6,-124.0000000,
,,,219.40001170E-6,-124.0000000,
,,,219.60001322E-6,-122.0000000,
,,,219.80001475E-6,-124.0000000,
,,,220.00001627E-6,-124.0000000,
,,,220.20001779E-6,-124.0000000,
,,,220.40001932E-6,-122.0000000,
,,,220.60002084E-6,-122.0000000,
,,,220.80002236E-6,-126.0000000,
,,,221.00000933E-6,-122.0000000,
,,,221.20001086E-6,-124.0000000,
,,,221.40001238E-6,-122.0000000,
,,,221.60001390E-6,-122.0000000,
,,,221.80001542E-6,-122.0000000,
,,,222.00001695E-6,-124.0000000,
,,,222.20001847E-6,-120.0000000,
,,,222.40001999E-6,-122.0000000,
,,,222.60002152E-6,-122.0000000,
,,,222.80002304E-6,-122.0000000,
,,,223.00001001E-6,-122.0000000,
,,,223.20001153E-6,-120.0000000,
,,,223.40001306E-6,-120.0000000,
,,,223.60001458E-6,-118.0000000,
,,,223.80001610E-6,-120.0000000,
,,,224.00001762E-6,-120.0000000,
,,,224.20001915E-6,-120.0000000,
,,,224.40002067E-6,-120.0000000,
,,,224.60002219E-6,-118.0000000,
,,,224.80000916E-6,-118.0000000,
,,,225.00001069E-6,-120.0000000,
,,,225.20001221E-6,-116.0000000,
,,,225.40001373E-6,-116.0000000,
,,,225.60001526E-6,-116.0000000,
,,,225.80001678E-6,-114.0000000,
,,,226.00001830E-6,-116.0000000,
,,,226.20001982E-6,-116.0000000,
,,,226.40002135E-6,-114.0000000,
,,,226.60002287E-6,-112.0000000,
,,,226.80000984E-6,-114.0000000,
,,,227.00001136E-6,-116.0000000,
,,,227.20001289E-6,-114.0000000,
,,,227.40001441E-6,-112.0000000,
,,,227.60001593E-6,-112.0000000,
,,,227.80001746E-6,-110.0000000,
,,,228.00001898E-6,-114.0000000,
,,,228.20002050E-6,-110.0000000,
,,,228.40002202E-6,-112.0000000,
,,,228.60002355E-6,-110.0000000,
,,,228.80001052E-6,-110.0000000,
,,,229.00001204E-6,-110.0000000,
,,,229.20001356E-6,-110.0000000,
,,,229.40001509E-6,-108.0000000,
,,,229.60001661E-6,-108.0000000,
,,,229.80001813E-6,-108.0000000,
