Record Length,2500,Points,Tiempo,Voltaje
Sample Interval,1E-06,s,-0.0012500001,-28
Trigger Point,1250.0002,Samples,-0.0012490001,-30
,,,-0.0012480001,-32
,,,-0.0012470001,-34
,,,-0.0012460001,-38
Source,CH1,,-0.0012450001,-38
Vertical Units,Volts,,-0.001244,-42
Vertical Scale,50,,-0.001243,-42
Vertical Offset,0,,-0.0012420001,-46
Horizontal Units,s,,-0.0012410001,-48
Horizontal Scale,0.00024999999937,,-0.0012400001,-50
Pt Fmt,Y,,-0.0012390001,-52
Yzero,0.16,,-0.0012380001,-54
Probe Atten,10,,-0.0012370001,-56
,,,-0.0012360001,-60
Note, - 6:33:24 p. m.   11/03/2021,,-0.0012350001,-60
,,,-0.0012340001,-62
,,,-0.0012330001,-66
,,,-0.0012320001,-68
,,,-0.0012310001,-72
,,,-0.0012300001,-74
,,,-0.001229,-76
,,,-0.001228,-78
,,,-0.0012270001,-80
,,,-0.0012260001,-82
,,,-0.0012250001,-86
,,,-0.0012240001,-86
,,,-0.0012230001,-90
,,,-0.0012220001,-92
,,,-0.0012210001,-94
,,,-0.0012200001,-96
,,,-0.0012190001,-98
,,,-0.0012180001,-100
,,,-0.0012170001,-102
,,,-0.0012160001,-104
,,,-0.0012150001,-106
,,,-0.001214,-108
,,,-0.001213,-110
,,,-0.001212,-112
,,,-0.0012110001,-114
,,,-0.0012100001,-116
,,,-0.0012090001,-118
,,,-0.0012080001,-120
,,,-0.0012070001,-122
,,,-0.0012060001,-122
,,,-0.0012050001,-124
,,,-0.0012040001,-126
,,,-0.0012030001,-126
,,,-0.0012020001,-128
,,,-0.0012010001,-128
,,,-0.0012000001,-128
,,,-0.001199,-128
,,,-0.001198,-128
,,,-0.001197,-128
,,,-0.0011960001,-128
,,,-0.0011950001,-128
,,,-0.0011940001,-128
,,,-0.0011930001,-128
,,,-0.0011920001,-128
,,,-0.0011910001,-126
,,,-0.0011900001,-128
,,,-0.0011890001,-126
,,,-0.0011880001,-126
,,,-0.0011870001,-124
,,,-0.0011860001,-124
,,,-0.0011850001,-122
,,,-0.0011840001,-120
,,,-0.001183,-120
,,,-0.001182,-120
,,,-0.0011810001,-118
,,,-0.0011800001,-118
,,,-0.0011790001,-116
,,,-0.0011780001,-116
,,,-0.0011770001,-114
,,,-0.0011760001,-114
,,,-0.0011750001,-112
,,,-0.0011740001,-112
,,,-0.0011730001,-108
,,,-0.0011720001,-106
,,,-0.0011710001,-106
,,,-0.0011700001,-104
,,,-0.0011690001,-104
,,,-0.001168,-100
,,,-0.001167,-100
,,,-0.001166,-98
,,,-0.0011650001,-96
,,,-0.0011640001,-94
,,,-0.0011630001,-92
,,,-0.0011620001,-90
,,,-0.0011610001,-88
,,,-0.0011600001,-86
,,,-0.0011590001,-84
,,,-0.0011580001,-80
,,,-0.0011570001,-78
,,,-0.0011560001,-76
,,,-0.0011550001,-74
,,,-0.0011540001,-72
,,,-0.001153,-70
,,,-0.001152,-68
,,,-0.001151,-64
,,,-0.0011500001,-62
,,,-0.0011490001,-60
,,,-0.0011480001,-58
,,,-0.0011470001,-56
,,,-0.0011460001,-52
,,,-0.0011450001,-50
,,,-0.0011440001,-48
,,,-0.0011430001,-44
,,,-0.0011420001,-42
,,,-0.0011410001,-40
,,,-0.0011400001,-38
,,,-0.0011390001,-36
,,,-0.0011380001,-34
,,,-0.001137,-30
,,,-0.001136,-28
,,,-0.0011350001,-26
,,,-0.0011340001,-24
,,,-0.0011330001,-22
,,,-0.0011320001,-18
,,,-0.0011310001,-16
,,,-0.0011300001,-14
,,,-0.0011290001,-10
,,,-0.0011280001,-8
,,,-0.0011270001,-6
,,,-0.0011260001,-4
,,,-0.0011250001,-2
,,,-0.0011240001,2
,,,-0.0011230001,2
,,,-0.001122,6
,,,-0.001121,8
,,,-0.0011200001,10
,,,-0.0011190001,12
,,,-0.0011180001,16
,,,-0.0011170001,18
,,,-0.0011160001,20
,,,-0.0011150001,22
,,,-0.0011140001,26
,,,-0.0011130001,26
,,,-0.0011120001,30
,,,-0.0011110001,32
,,,-0.0011100001,34
,,,-0.0011090001,38
,,,-0.0011080001,40
,,,-0.001107,42
,,,-0.001106,46
,,,-0.001105,48
,,,-0.0011040001,50
,,,-0.0011030001,52
,,,-0.0011020001,54
,,,-0.0011010001,56
,,,-0.0011000001,60
,,,-0.0010990001,62
,,,-0.0010980001,66
,,,-0.0010970001,68
,,,-0.0010960001,72
,,,-0.0010950001,74
,,,-0.0010940001,76
,,,-0.0010930001,78
,,,-0.001092,80
,,,-0.001091,84
,,,-0.00109,86
,,,-0.0010890001,88
,,,-0.0010880001,92
,,,-0.0010870001,96
,,,-0.0010860001,98
,,,-0.0010850001,100
,,,-0.0010840001,102
,,,-0.0010830001,104
,,,-0.0010820001,106
,,,-0.0010810001,110
,,,-0.0010800001,112
,,,-0.0010790001,112
,,,-0.0010780001,116
,,,-0.0010770001,118
,,,-0.001076,120
,,,-0.001075,120
,,,-0.0010740001,120
,,,-0.0010730001,122
,,,-0.0010720001,122
,,,-0.0010710001,122
,,,-0.0010700001,124
,,,-0.0010690001,124
,,,-0.0010680001,124
,,,-0.0010670001,124
,,,-0.0010660001,124
,,,-0.0010650001,124
,,,-0.0010640001,124
,,,-0.0010630001,124
,,,-0.0010620001,124
,,,-0.001061,122
,,,-0.00106,122
,,,-0.001059,122
,,,-0.0010580001,120
,,,-0.0010570001,120
,,,-0.0010560001,120
,,,-0.0010550001,118
,,,-0.0010540001,118
,,,-0.0010530001,116
,,,-0.0010520001,116
,,,-0.0010510001,114
,,,-0.0010500001,112
,,,-0.0010490001,112
,,,-0.0010480001,112
,,,-0.0010470001,110
,,,-0.001046,110
,,,-0.001045,108
,,,-0.001044,106
,,,-0.0010430001,104
,,,-0.0010420001,104
,,,-0.0010410001,102
,,,-0.0010400001,100
,,,-0.0010390001,100
,,,-0.0010380001,100
,,,-0.0010370001,98
,,,-0.0010360001,96
,,,-0.0010350001,96
,,,-0.0010340001,94
,,,-0.0010330001,92
,,,-0.0010320001,90
,,,-0.0010310001,90
,,,-0.00103,88
,,,-0.001029,88
,,,-0.0010280001,86
,,,-0.0010270001,84
,,,-0.0010260001,82
,,,-0.0010250001,80
,,,-0.0010240001,80
,,,-0.0010230001,76
,,,-0.0010220001,76
,,,-0.0010210001,74
,,,-0.0010200001,74
,,,-0.0010190001,70
,,,-0.0010180001,68
,,,-0.0010170001,68
,,,-0.0010160001,66
,,,-0.001015,64
,,,-0.001014,62
,,,-0.0010130001,60
,,,-0.0010120001,58
,,,-0.0010110001,56
,,,-0.0010100001,54
,,,-0.0010090001,52
,,,-0.0010080001,50
,,,-0.0010070001,48
,,,-0.0010060001,48
,,,-0.0010050001,44
,,,-0.0010040001,42
,,,-0.0010030001,40
,,,-0.0010020001,38
,,,-0.0010010001,36
,,,-0.001,34
,,,-0.000999000039883,32
,,,-0.000998000032268,30
,,,-0.000997000141069,28
,,,-0.000996000133455,26
,,,-0.00099500012584,24
,,,-0.000994000118226,22
,,,-0.000993000110611,18
,,,-0.000992000102997,16
,,,-0.000991000095382,16
,,,-0.000990000087768,14
,,,-0.000989000080153,10
,,,-0.000988000072539,10
,,,-0.000987000064924,6
,,,-0.00098600005731,6
,,,-0.000985000049695,2
,,,-0.000984000042081,2
,,,-0.000983000034466,0
,,,-0.000982000143267,-2
,,,-0.000981000135653,-4
,,,-0.000980000128038,-8
,,,-0.000979000120424,-10
,,,-0.000978000112809,-10
,,,-0.000977000105195,-14
,,,-0.00097600009758,-16
,,,-0.000975000089966,-18
,,,-0.000974000082351,-20
,,,-0.000973000074737,-22
,,,-0.000972000067122,-24
,,,-0.000971000117715,-26
,,,-0.000970000110101,-28
,,,-0.000969000102486,-32
,,,-0.000968000094872,-34
,,,-0.000967000087257,-36
,,,-0.000966000079643,-38
,,,-0.000965000072028,-40
,,,-0.000964000064414,-40
,,,-0.000963000115007,-44
,,,-0.000962000107393,-46
,,,-0.000961000099778,-48
,,,-0.000960000092164,-50
,,,-0.000959000084549,-54
,,,-0.000958000076935,-56
,,,-0.00095700006932,-58
,,,-0.000956000061706,-60
,,,-0.000955000112299,-62
,,,-0.000954000104684,-64
,,,-0.00095300009707,-66
,,,-0.000952000089455,-70
,,,-0.000951000081841,-72
,,,-0.000950000074226,-74
,,,-0.000949000066612,-76
,,,-0.000948000117205,-80
,,,-0.000947000109591,-80
,,,-0.000946000101976,-84
,,,-0.000945000094362,-86
,,,-0.000944000086747,-88
,,,-0.000943000079133,-90
,,,-0.000942000071518,-92
,,,-0.000941000063904,-94
,,,-0.000940000114497,-96
,,,-0.000939000106882,-98
,,,-0.000938000099268,-102
,,,-0.000937000091653,-102
,,,-0.000936000084039,-106
,,,-0.000935000076424,-108
,,,-0.00093400006881,-108
,,,-0.000933000061195,-112
,,,-0.000932000111789,-112
,,,-0.000931000104174,-114
,,,-0.00093000009656,-118
,,,-0.000929000088945,-118
,,,-0.000928000081331,-120
,,,-0.000927000073716,-120
,,,-0.000926000066102,-122
,,,-0.000925000116695,-124
,,,-0.00092400010908,-126
,,,-0.000923000101466,-126
,,,-0.000922000093851,-126
,,,-0.000921000086237,-128
,,,-0.000920000078622,-128
,,,-0.000919000071008,-128
,,,-0.000918000063393,-128
,,,-0.000917000113986,-130
,,,-0.000916000106372,-128
,,,-0.000915000098757,-128
,,,-0.000914000091143,-130
,,,-0.000913000083528,-128
,,,-0.000912000075914,-128
,,,-0.000911000068299,-128
,,,-0.000910000060685,-126
,,,-0.000909000111278,-126
,,,-0.000908000103664,-124
,,,-0.000907000096049,-124
,,,-0.000906000088435,-124
,,,-0.00090500008082,-122
,,,-0.000904000073206,-122
,,,-0.000903000065591,-120
,,,-0.000902000116184,-118
,,,-0.00090100010857,-118
,,,-0.000900000100955,-118
,,,-0.000899000093341,-116
,,,-0.000898000085726,-116
,,,-0.000897000078112,-114
,,,-0.000896000070497,-112
,,,-0.000895000062883,-110
,,,-0.000894000113476,-110
,,,-0.000893000105862,-108
,,,-0.000892000098247,-106
,,,-0.000891000090633,-104
,,,-0.000890000083018,-104
,,,-0.000889000075404,-102
,,,-0.000888000067789,-100
,,,-0.000887000118382,-98
,,,-0.000886000110768,-98
,,,-0.000885000103153,-94
,,,-0.000884000095539,-94
,,,-0.000883000087924,-90
,,,-0.00088200008031,-88
,,,-0.000881000072695,-86
,,,-0.000880000065081,-84
,,,-0.000879000115674,-84
,,,-0.000878000108059,-80
,,,-0.000877000100445,-78
,,,-0.000876000092831,-76
,,,-0.000875000085216,-74
,,,-0.000874000077602,-72
,,,-0.000873000069987,-68
,,,-0.000872000062373,-66
,,,-0.000871000112966,-64
,,,-0.000870000105351,-62
,,,-0.000869000097737,-58
,,,-0.000868000090122,-56
,,,-0.000867000082508,-54
,,,-0.000866000074893,-52
,,,-0.000865000067279,-50
,,,-0.000864000117872,-46
,,,-0.000863000110257,-44
,,,-0.000862000102643,-42
,,,-0.000861000095028,-40
,,,-0.000860000087414,-38
,,,-0.000859000079799,-36
,,,-0.000858000072185,-32
,,,-0.00085700006457,-30
,,,-0.000856000115164,-26
,,,-0.000855000107549,-24
,,,-0.000854000099935,-22
,,,-0.00085300009232,-20
,,,-0.000852000084706,-18
,,,-0.000851000077091,-14
,,,-0.000850000069477,-12
,,,-0.000849000061862,-10
,,,-0.000848000112455,-8
,,,-0.000847000104841,-6
,,,-0.000846000097226,-2
,,,-0.000845000089612,0
,,,-0.000844000081997,2
,,,-0.000843000074383,4
,,,-0.000842000066768,6
,,,-0.000841000117362,8
,,,-0.000840000109747,12
,,,-0.000839000102133,14
,,,-0.000838000094518,16
,,,-0.000837000086904,18
,,,-0.000836000079289,20
,,,-0.000835000071675,24
,,,-0.00083400006406,26
,,,-0.000833000114653,28
,,,-0.000832000107039,32
,,,-0.000831000099424,34
,,,-0.00083000009181,36
,,,-0.000829000084195,36
,,,-0.000828000076581,40
,,,-0.000827000068966,42
,,,-0.000826000061352,46
,,,-0.000825000111945,48
,,,-0.00082400010433,50
,,,-0.000823000096716,52
,,,-0.000822000089101,56
,,,-0.000821000081487,58
,,,-0.000820000073873,60
,,,-0.000819000066258,64
,,,-0.000818000116851,66
,,,-0.000817000109237,70
,,,-0.000816000101622,72
,,,-0.000815000094008,74
,,,-0.000814000086393,76
,,,-0.000813000078779,78
,,,-0.000812000071164,82
,,,-0.00081100006355,84
,,,-0.000810000114143,88
,,,-0.000809000106528,90
,,,-0.000808000098914,94
,,,-0.000807000091299,96
,,,-0.000806000083685,98
,,,-0.00080500007607,100
,,,-0.000804000068456,102
,,,-0.000803000060841,106
,,,-0.000802000111435,108
,,,-0.00080100010382,110
,,,-0.000800000096206,112
,,,-0.000799000088591,114
,,,-0.000798000080977,116
,,,-0.000797000073362,116
,,,-0.000796000065748,118
,,,-0.000795000116341,120
,,,-0.000794000108726,122
,,,-0.000793000101112,122
,,,-0.000792000093497,122
,,,-0.000791000085883,122
,,,-0.000790000078268,124
,,,-0.000789000070654,124
,,,-0.000788000063039,124
,,,-0.000787000113633,124
,,,-0.000786000106018,124
,,,-0.000785000098404,124
,,,-0.000784000090789,124
,,,-0.000783000083175,124
,,,-0.00078200007556,122
,,,-0.000781000067946,122
,,,-0.000780000118539,122
,,,-0.000779000110924,120
,,,-0.00077800010331,120
,,,-0.000777000095695,118
,,,-0.000776000088081,120
,,,-0.000775000080466,118
,,,-0.000774000072852,118
,,,-0.000773000065237,116
,,,-0.00077200011583,114
,,,-0.000771000108216,114
,,,-0.000770000100601,112
,,,-0.000769000092987,112
,,,-0.000768000085372,110
,,,-0.000767000077758,110
,,,-0.000766000070143,108
,,,-0.000765000062529,106
,,,-0.000764000113122,104
,,,-0.000763000105508,104
,,,-0.000762000097893,104
,,,-0.000761000090279,102
,,,-0.000760000082664,100
,,,-0.00075900007505,98
,,,-0.000758000067435,98
,,,-0.000757000118028,96
,,,-0.000756000110414,96
,,,-0.000755000102799,94
,,,-0.000754000095185,94
,,,-0.00075300008757,92
,,,-0.000752000079956,90
,,,-0.000751000072341,90
,,,-0.000750000064727,88
,,,-0.00074900011532,86
,,,-0.000748000107706,84
,,,-0.000747000100091,84
,,,-0.000746000092477,82
,,,-0.000745000084862,80
,,,-0.000744000077248,78
,,,-0.000743000069633,76
,,,-0.000742000062019,76
,,,-0.000741000112612,74
,,,-0.000740000104997,72
,,,-0.000739000097383,70
,,,-0.000738000089768,70
,,,-0.000737000082154,66
,,,-0.000736000074539,64
,,,-0.000735000066925,64
,,,-0.000734000117518,60
,,,-0.000733000109904,58
,,,-0.000732000102289,56
,,,-0.000731000094675,56
,,,-0.00073000008706,52
,,,-0.000729000079446,52
,,,-0.000728000071831,50
,,,-0.000727000064217,48
,,,-0.00072600011481,46
,,,-0.000725000107195,44
,,,-0.000724000099581,42
,,,-0.000723000091966,38
,,,-0.000722000084352,38
,,,-0.000721000076737,36
,,,-0.000720000069123,34
,,,-0.000719000061508,30
,,,-0.000718000112101,28
,,,-0.000717000104487,28
,,,-0.000716000096872,26
,,,-0.000715000089258,22
,,,-0.000714000081643,20
,,,-0.000713000074029,18
,,,-0.000712000066414,18
,,,-0.000711000117008,16
,,,-0.000710000109393,12
,,,-0.000709000101779,10
,,,-0.000708000094164,8
,,,-0.00070700008655,6
,,,-0.000706000078935,4
,,,-0.000705000071321,2
,,,-0.000704000063706,0
,,,-0.000703000114299,-2
,,,-0.000702000106685,-4
,,,-0.00070100009907,-6
,,,-0.000700000091456,-8
,,,-0.000699000083841,-10
,,,-0.000698000076227,-12
,,,-0.000697000068612,-14
,,,-0.000696000060998,-16
,,,-0.000695000111591,-18
,,,-0.000694000103977,-20
,,,-0.000693000096362,-22
,,,-0.000692000088748,-26
,,,-0.000691000081133,-26
,,,-0.000690000073519,-30
,,,-0.000689000065904,-32
,,,-0.000688000116497,-34
,,,-0.000687000108883,-36
,,,-0.000686000101268,-38
,,,-0.000685000093654,-40
,,,-0.000684000086039,-42
,,,-0.000683000078425,-44
,,,-0.00068200007081,-46
,,,-0.000681000063196,-50
,,,-0.000680000113789,-52
,,,-0.000679000106174,-54
,,,-0.00067800009856,-56
,,,-0.000677000090946,-58
,,,-0.000676000083331,-60
,,,-0.000675000075717,-62
,,,-0.000674000068102,-66
,,,-0.000673000118695,-68
,,,-0.000672000111081,-70
,,,-0.000671000103466,-72
,,,-0.000670000095852,-74
,,,-0.000669000088237,-78
,,,-0.000668000080623,-80
,,,-0.000667000073008,-82
,,,-0.000666000065394,-84
,,,-0.000665000115987,-86
,,,-0.000664000108372,-88
,,,-0.000663000100758,-90
,,,-0.000662000093143,-92
,,,-0.000661000085529,-96
,,,-0.000660000077914,-98
,,,-0.0006590000703,-100
,,,-0.000658000062685,-100
,,,-0.000657000113279,-104
,,,-0.000656000105664,-106
,,,-0.00065500009805,-108
,,,-0.000654000090435,-110
,,,-0.000653000082821,-112
,,,-0.000652000075206,-114
,,,-0.000651000067592,-116
,,,-0.000650000118185,-118
,,,-0.00064900011057,-118
,,,-0.000648000102956,-120
,,,-0.000647000095341,-122
,,,-0.000646000087727,-124
,,,-0.000645000080112,-124
,,,-0.000644000072498,-126
,,,-0.000643000064883,-126
,,,-0.000642000115477,-126
,,,-0.000641000107862,-128
,,,-0.000640000100248,-128
,,,-0.000639000092633,-128
,,,-0.000638000085019,-130
,,,-0.000637000077404,-130
,,,-0.00063600006979,-128
,,,-0.000635000062175,-128
,,,-0.000634000112768,-128
,,,-0.000633000105154,-128
,,,-0.000632000097539,-126
,,,-0.000631000089925,-126
,,,-0.00063000008231,-126
,,,-0.000629000074696,-126
,,,-0.000628000067081,-124
,,,-0.000627000117674,-124
,,,-0.00062600011006,-122
,,,-0.000625000102445,-124
,,,-0.000624000094831,-120
,,,-0.000623000087216,-120
,,,-0.000622000079602,-118
,,,-0.000621000071988,-118
,,,-0.000620000064373,-116
,,,-0.000619000114966,-116
,,,-0.000618000107352,-116
,,,-0.000617000099737,-112
,,,-0.000616000092123,-112
,,,-0.000615000084508,-110
,,,-0.000614000076894,-110
,,,-0.000613000069279,-108
,,,-0.000612000061665,-106
,,,-0.000611000112258,-104
,,,-0.000610000104643,-104
,,,-0.000609000097029,-102
,,,-0.000608000089414,-100
,,,-0.0006070000818,-98
,,,-0.000606000074185,-96
,,,-0.000605000066571,-94
,,,-0.000604000117164,-92
,,,-0.00060300010955,-90
,,,-0.000602000101935,-88
,,,-0.000601000094321,-86
,,,-0.000600000086706,-84
,,,-0.000599000079092,-82
,,,-0.000598000071477,-78
,,,-0.000597000063863,-78
,,,-0.000596000114456,-76
,,,-0.000595000106841,-74
,,,-0.000594000099227,-70
,,,-0.000593000091612,-68
,,,-0.000592000083998,-66
,,,-0.000591000076383,-62
,,,-0.000590000068769,-60
,,,-0.000589000061154,-58
,,,-0.000588000111748,-56
,,,-0.000587000104133,-54
,,,-0.000586000096519,-50
,,,-0.000585000088904,-48
,,,-0.00058400008129,-46
,,,-0.000583000073675,-44
,,,-0.000582000066061,-40
,,,-0.000581000116654,-40
,,,-0.000580000109039,-36
,,,-0.000579000101425,-34
,,,-0.00057800009381,-30
,,,-0.000577000086196,-30
,,,-0.000576000078581,-26
,,,-0.000575000070967,-24
,,,-0.000574000063352,-22
,,,-0.000573000113945,-20
,,,-0.000572000106331,-16
,,,-0.000571000098716,-14
,,,-0.000570000091102,-10
,,,-0.000569000083487,-10
,,,-0.000568000075873,-6
,,,-0.000567000068258,-4
,,,-0.000566000118852,-2
,,,-0.000565000111237,0
,,,-0.000564000103623,2
,,,-0.000563000096008,4
,,,-0.000562000088394,8
,,,-0.000561000080779,10
,,,-0.000560000073165,12
,,,-0.00055900006555,14
,,,-0.000558000116143,18
,,,-0.000557000108529,18
,,,-0.000556000100914,20
,,,-0.0005550000933,24
,,,-0.000554000085685,26
,,,-0.000553000078071,30
,,,-0.000552000070456,32
,,,-0.000551000062842,34
,,,-0.000550000113435,36
,,,-0.000549000105821,38
,,,-0.000548000098206,42
,,,-0.000547000090592,44
,,,-0.000546000082977,46
,,,-0.000545000075363,50
,,,-0.000544000067748,52
,,,-0.000543000118341,54
,,,-0.000542000110727,56
,,,-0.000541000103112,60
,,,-0.000540000095498,62
,,,-0.000539000087883,64
,,,-0.000538000080269,66
,,,-0.000537000072654,70
,,,-0.00053600006504,72
,,,-0.000535000115633,76
,,,-0.000534000108019,78
,,,-0.000533000100404,80
,,,-0.00053200009279,82
,,,-0.000531000085175,86
,,,-0.000530000077561,88
,,,-0.000529000069946,90
,,,-0.000528000062332,94
,,,-0.000527000112925,96
,,,-0.00052600010531,98
,,,-0.000525000097696,100
,,,-0.000524000090081,104
,,,-0.000523000082467,106
,,,-0.000522000074852,108
,,,-0.000521000067238,112
,,,-0.000520000117831,114
,,,-0.000519000110216,116
,,,-0.000518000102602,116
,,,-0.000517000094987,118
,,,-0.000516000087373,118
,,,-0.000515000079758,120
,,,-0.000514000072144,122
,,,-0.000513000064529,122
,,,-0.000512000115123,122
,,,-0.000511000107508,124
,,,-0.000510000099894,124
,,,-0.000509000092279,124
,,,-0.000508000084665,124
,,,-0.00050700007705,124
,,,-0.000506000069436,124
,,,-0.000505000061821,124
,,,-0.000504000112414,124
,,,-0.0005030001048,124
,,,-0.000502000097185,122
,,,-0.000501000089571,122
,,,-0.000500000081956,122
,,,-0.000499000074342,122
,,,-0.000498000066727,120
,,,-0.000497000117321,120
,,,-0.000496000109706,118
,,,-0.000495000102092,118
,,,-0.000494000094477,116
,,,-0.000493000086863,116
,,,-0.000492000079248,114
,,,-0.000491000071634,114
,,,-0.000490000064019,112
,,,-0.000489000114612,112
,,,-0.000488000077894,110
,,,-0.000487000099383,110
,,,-0.000486000091769,108
,,,-0.000485000084154,106
,,,-0.00048400007654,106
,,,-0.000483000098029,104
,,,-0.000482000090415,102
,,,-0.0004810000828,102
,,,-0.00048000010429,100
,,,-0.000479000096675,98
,,,-0.000478000089061,98
,,,-0.000477000081446,98
,,,-0.000476000102935,94
,,,-0.000475000095321,94
,,,-0.000474000087706,92
,,,-0.000473000080092,92
,,,-0.000472000101581,90
,,,-0.000471000093967,88
,,,-0.000470000086352,88
,,,-0.000469000078738,86
,,,-0.000468000100227,84
,,,-0.000467000092613,82
,,,-0.000466000084998,82
,,,-0.000465000077384,80
,,,-0.000464000098873,78
,,,-0.000463000091258,76
,,,-0.000462000083644,74
,,,-0.000461000076029,74
,,,-0.000460000097519,72
,,,-0.000459000089904,70
,,,-0.00045800008229,68
,,,-0.000457000103779,66
,,,-0.000456000096165,64
,,,-0.00045500008855,62
,,,-0.000454000080936,60
,,,-0.000453000102425,58
,,,-0.000452000094811,56
,,,-0.000451000087196,54
,,,-0.000450000079582,52
,,,-0.000449000101071,50
,,,-0.000448000093456,48
,,,-0.000447000085842,48
,,,-0.000446000078227,44
,,,-0.000445000099717,42
,,,-0.000444000092102,40
,,,-0.000443000084488,38
,,,-0.000442000076873,36
,,,-0.000441000098363,34
,,,-0.000440000090748,32
,,,-0.000439000083134,32
,,,-0.000438000104623,28
,,,-0.000437000097008,26
,,,-0.000436000089394,24
,,,-0.000435000081779,22
,,,-0.000434000103269,20
,,,-0.000433000095654,18
,,,-0.00043200008804,16
,,,-0.000431000080425,14
,,,-0.000430000101915,12
,,,-0.0004290000943,10
,,,-0.000428000086686,8
,,,-0.000427000079071,6
,,,-0.00042600010056,4
,,,-0.000425000092946,2
,,,-0.000424000085331,0
,,,-0.000423000077717,-2
,,,-0.000422000099206,-4
,,,-0.000421000091592,-6
,,,-0.000420000083977,-8
,,,-0.000419000076363,-10
,,,-0.000418000097852,-14
,,,-0.000417000090238,-16
,,,-0.000416000082623,-18
,,,-0.000415000104113,-20
,,,-0.000414000096498,-22
,,,-0.000413000088884,-24
,,,-0.000412000081269,-26
,,,-0.000411000102758,-28
,,,-0.000410000095144,-30
,,,-0.000409000087529,-32
,,,-0.000408000079915,-34
,,,-0.000407000101404,-38
,,,-0.00040600009379,-40
,,,-0.000405000086175,-42
,,,-0.000404000078561,-44
,,,-0.00040300010005,-44
,,,-0.00040200009244,-48
,,,-0.00040100008482,-50
,,,-0.00040000007721,-52
,,,-0.0003990000987,-56
,,,-0.00039800009108,-58
,,,-0.00039700008347,-60
,,,-0.00039600010496,-62
,,,-0.00039500009734,-64
,,,-0.00039400008973,-66
,,,-0.00039300008211,-68
,,,-0.0003920001036,-72
,,,-0.00039100009599,-74
,,,-0.00039000008837,-76
,,,-0.00038900008076,-78
,,,-0.00038800010225,-80
,,,-0.00038700009463,-82
,,,-0.00038600008702,-86
,,,-0.0003850000794,-86
,,,-0.00038400010089,-90
,,,-0.00038300009328,-92
,,,-0.00038200008566,-94
,,,-0.00038100007805,-96
,,,-0.00038000009954,-98
,,,-0.00037900009193,-100
,,,-0.00037800008431,-102
,,,-0.0003770000767,-104
,,,-0.00037600009819,-106
,,,-0.00037500009057,-108
,,,-0.00037400008296,-110
,,,-0.00037300010445,-112
,,,-0.00037200009683,-114
,,,-0.00037100008922,-116
,,,-0.0003700000816,-118
,,,-0.00036900010309,-118
,,,-0.00036800009548,-122
,,,-0.00036700008786,-122
,,,-0.00036600008025,-124
,,,-0.00036500010174,-124
,,,-0.00036400009412,-126
,,,-0.00036300008651,-126
,,,-0.00036200007889,-126
,,,-0.00036100010038,-128
,,,-0.00036000009277,-128
,,,-0.00035900008515,-128
,,,-0.00035800007754,-130
,,,-0.00035700009903,-128
,,,-0.00035600009141,-128
,,,-0.0003550000838,-128
,,,-0.00035400007619,-128
,,,-0.00035300009768,-128
,,,-0.00035200009006,-128
,,,-0.00035100008245,-126
,,,-0.00035000010394,-126
,,,-0.00034900009632,-124
,,,-0.00034800008871,-124
,,,-0.00034700008109,-124
,,,-0.00034600010258,-122
,,,-0.00034500009497,-122
,,,-0.00034400008735,-120
,,,-0.00034300007974,-118
,,,-0.00034200010123,-118
,,,-0.00034100009361,-118
,,,-0.000340000086,-116
,,,-0.00033900007838,-116
,,,-0.00033800009987,-114
,,,-0.00033700009226,-112
,,,-0.00033600008464,-112
,,,-0.00033500007703,-110
,,,-0.00033400009852,-108
,,,-0.0003330000909,-108
,,,-0.00033200008329,-106
,,,-0.00033100010478,-104
,,,-0.00033000009716,-104
,,,-0.00032900008955,-102
,,,-0.00032800008194,-100
,,,-0.00032700010343,-98
,,,-0.00032600009581,-94
,,,-0.0003250000882,-92
,,,-0.00032400008058,-92
,,,-0.00032300010207,-90
,,,-0.00032200009446,-88
,,,-0.00032100008684,-86
,,,-0.00032000007923,-84
,,,-0.00031900010072,-82
,,,-0.0003180000931,-78
,,,-0.00031700008549,-76
,,,-0.00031600007787,-74
,,,-0.00031500009936,-72
,,,-0.00031400009175,-70
,,,-0.00031300008413,-66
,,,-0.00031200007652,-64
,,,-0.00031100009801,-62
,,,-0.00031000009039,-60
,,,-0.00030900008278,-56
,,,-0.00030800010427,-56
,,,-0.00030700009665,-52
,,,-0.00030600008904,-50
,,,-0.00030500008143,-46
,,,-0.00030400010291,-46
,,,-0.0003030000953,-42
,,,-0.00030200008769,-40
,,,-0.00030100008007,-38
,,,-0.00030000010156,-36
,,,-0.00029900009395,-34
,,,-0.00029800008633,-30
,,,-0.00029700007872,-28
,,,-0.00029600010021,-26
,,,-0.00029500009259,-24
,,,-0.00029400008498,-20
,,,-0.00029300007736,-18
,,,-0.00029200009885,-16
,,,-0.00029100009124,-14
,,,-0.00029000008362,-10
,,,-0.00028900010511,-8
,,,-0.0002880000975,-6
,,,-0.00028700008988,-4
,,,-0.00028600008227,-2
,,,-0.00028500010376,2
,,,-0.00028400009614,4
,,,-0.00028300008853,6
,,,-0.00028200008092,8
,,,-0.0002810001024,10
,,,-0.00028000009479,12
,,,-0.00027900008718,14
,,,-0.00027800007956,16
,,,-0.00027700010105,20
,,,-0.00027600009344,22
,,,-0.00027500008582,26
,,,-0.00027400007821,28
,,,-0.0002730000997,30
,,,-0.00027200009208,32
,,,-0.00027100008447,36
,,,-0.00027000007685,38
,,,-0.00026900009834,40
,,,-0.00026800009073,42
,,,-0.00026700008311,44
,,,-0.0002660001046,46
,,,-0.00026500009699,50
,,,-0.00026400008937,52
,,,-0.00026300008176,54
,,,-0.00026200010325,58
,,,-0.00026100009563,60
,,,-0.00026000008802,62
,,,-0.0002590000804,66
,,,-0.00025800010189,68
,,,-0.00025700009428,72
,,,-0.00025600008667,74
,,,-0.00025500007905,76
,,,-0.00025400010054,78
,,,-0.00025300009293,82
,,,-0.00025200008531,84
,,,-0.0002510000777,86
,,,-0.00025000009919,90
,,,-0.00024900009157,92
,,,-0.00024800008396,94
,,,-0.00024700010545,98
,,,-0.00024600009783,98
,,,-0.00024500009022,102
,,,-0.00024400009715,104
,,,-0.00024300008954,106
,,,-0.00024200009648,110
,,,-0.00024100008886,112
,,,-0.0002400000958,114
,,,-0.00023900008819,114
,,,-0.00023800009512,118
,,,-0.00023700008751,118
,,,-0.00023600009445,120
,,,-0.00023500008683,120
,,,-0.00023400009377,122
,,,-0.00023300008615,122
,,,-0.00023200009309,122
,,,-0.00023100008548,122
,,,-0.00023000009242,124
,,,-0.0002290000848,124
,,,-0.00022800009174,124
,,,-0.00022700008412,124
,,,-0.00022600009106,124
,,,-0.000225000098,124
,,,-0.00022400009038,124
,,,-0.00022300009732,124
,,,-0.00022200008971,122
,,,-0.00022100009664,122
,,,-0.00022000008903,122
,,,-0.00021900009597,120
,,,-0.00021800008835,120
,,,-0.00021700009529,120
,,,-0.00021600008768,118
,,,-0.00021500009461,116
,,,-0.000214000087,116
,,,-0.00021300009394,116
,,,-0.00021200008632,114
,,,-0.00021100009326,112
,,,-0.00021000008564,112
,,,-0.00020900009258,110
,,,-0.00020800008497,110
,,,-0.0002070000919,108
,,,-0.00020600008429,108
,,,-0.00020500009123,106
,,,-0.00020400009817,104
,,,-0.00020300009055,104
,,,-0.00020200009749,102
,,,-0.00020100008987,102
,,,-0.00020000009681,100
,,,-0.0001990000892,98
,,,-0.00019800009613,98
,,,-0.00019700008852,96
,,,-0.00019600009546,94
,,,-0.00019500008784,94
,,,-0.00019400009478,92
,,,-0.00019300008717,92
,,,-0.0001920000941,90
,,,-0.00019100008649,88
,,,-0.00019000009343,86
,,,-0.00018900008581,86
,,,-0.00018800009275,84
,,,-0.00018700008513,84
,,,-0.00018600009207,82
,,,-0.00018500008446,78
,,,-0.00018400009139,78
,,,-0.00018300009833,76
,,,-0.00018200009072,76
,,,-0.00018100009765,74
,,,-0.00018000009004,70
,,,-0.00017900009698,70
,,,-0.00017800008936,68
,,,-0.0001770000963,66
,,,-0.00017600008869,64
,,,-0.00017500009562,62
,,,-0.00017400008801,58
,,,-0.00017300009495,58
,,,-0.00017200008733,56
,,,-0.00017100009427,54
,,,-0.00017000008665,52
,,,-0.00016900009359,50
,,,-0.00016800008598,48
,,,-0.00016700009292,46
,,,-0.0001660000853,44
,,,-0.00016500009224,42
,,,-0.00016400008462,40
,,,-0.00016300009156,38
,,,-0.0001620000985,36
,,,-0.00016100009088,34
,,,-0.00016000009782,32
,,,-0.00015900009021,28
,,,-0.00015800009714,28
,,,-0.00015700008953,26
,,,-0.00015600009647,24
,,,-0.00015500008885,22
,,,-0.00015400009579,20
,,,-0.00015300008818,18
,,,-0.00015200009511,16
,,,-0.0001510000875,12
,,,-0.00015000009444,12
,,,-0.00014900008682,10
,,,-0.0001480000938,8
,,,-0.0001470000861,4
,,,-0.0001460000931,4
,,,-0.0001450000855,0
,,,-0.0001440000924,0
,,,-0.0001430000848,-2
,,,-0.0001420000917,-4
,,,-0.0001410000841,-6
,,,-0.0001400000911,-10
,,,-0.000139000098,-12
,,,-0.0001380000904,-14
,,,-0.0001370000973,-16
,,,-0.0001360000897,-18
,,,-0.0001350000966,-20
,,,-0.000134000089,-22
,,,-0.000133000096,-26
,,,-0.0001320000883,-28
,,,-0.0001310000953,-28
,,,-0.0001300000877,-30
,,,-0.0001290000946,-34
,,,-0.000128000087,-36
,,,-0.0001270000939,-38
,,,-0.0001260000863,-40
,,,-0.0001250000932,-42
,,,-0.0001240000856,-44
,,,-0.0001230000926,-46
,,,-0.0001220000922,-48
,,,-0.0001210000919,-52
,,,-0.0001200000916,-52
,,,-0.0001190000912,-54
,,,-0.0001180000909,-58
,,,-0.0001170000905,-60
,,,-0.0001160000902,-62
,,,-0.0001150000899,-64
,,,-0.0001140000895,-68
,,,-0.0001130000892,-70
,,,-0.0001120000888,-72
,,,-0.0001110000885,-74
,,,-0.0001100000882,-76
,,,-0.0001090000878,-78
,,,-0.0001080000948,-82
,,,-0.0001070000944,-84
,,,-0.0001060000941,-86
,,,-0.0001050000938,-88
,,,-0.0001040000934,-88
,,,-0.0001030000931,-92
,,,-0.0001020000927,-94
,,,-0.0001010000924,-96
,,,-0.0001000000921,-98
,,,-9.9000091723E-05,-100
,,,-9.8000091384E-05,-102
,,,-9.7000091046E-05,-104
,,,-9.6000090707E-05,-108
,,,-9.5000090369E-05,-110
,,,-9.400009003E-05,-112
,,,-9.3000089691E-05,-114
,,,-9.2000089353E-05,-116
,,,-9.1000089014E-05,-118
,,,-9.0000088676E-05,-118
,,,-8.9000088337E-05,-120
,,,-8.8000087999E-05,-122
,,,-8.7000094936E-05,-122
,,,-8.6000094598E-05,-124
,,,-8.5000094259E-05,-126
,,,-8.4000093921E-05,-126
,,,-8.3000093582E-05,-126
,,,-8.2000093244E-05,-128
,,,-8.1000092905E-05,-128
,,,-8.0000092566E-05,-128
,,,-7.9000092228E-05,-128
,,,-7.8000091889E-05,-128
,,,-7.7000091551E-05,-128
,,,-7.6000091212E-05,-128
,,,-7.5000090874E-05,-128
,,,-7.4000090535E-05,-128
,,,-7.3000090197E-05,-128
,,,-7.2000089858E-05,-126
,,,-7.100008952E-05,-126
,,,-7.0000089181E-05,-126
,,,-6.9000088843E-05,-126
,,,-6.8000088504E-05,-124
,,,-6.7000088166E-05,-124
,,,-6.6000095103E-05,-122
,,,-6.5000094764E-05,-122
,,,-6.4000094426E-05,-120
,,,-6.3000094087E-05,-120
,,,-6.2000093749E-05,-118
,,,-6.1000089772E-05,-116
,,,-6.0000093072E-05,-116
,,,-5.9000092733E-05,-116
,,,-5.8000092395E-05,-114
,,,-5.7000092056E-05,-112
,,,-5.6000091718E-05,-110
,,,-5.5000091379E-05,-110
,,,-5.400009104E-05,-108
,,,-5.30000907E-05,-106
,,,-5.200009036E-05,-106
,,,-5.100009002E-05,-104
,,,-5.000008969E-05,-102
,,,-4.900009299E-05,-100
,,,-4.800009265E-05,-98
,,,-4.700009231E-05,-96
,,,-4.600009197E-05,-94
,,,-4.500009163E-05,-94
,,,-4.400009129E-05,-90
,,,-4.300009095E-05,-88
,,,-4.200009062E-05,-88
,,,-4.100009028E-05,-84
,,,-4.000008994E-05,-82
,,,-3.900009324E-05,-80
,,,-3.80000929E-05,-78
,,,-3.700009256E-05,-76
,,,-3.600009222E-05,-74
,,,-3.500009188E-05,-70
,,,-3.400009155E-05,-68
,,,-3.300009121E-05,-66
,,,-3.200009087E-05,-64
,,,-3.100009053E-05,-62
,,,-3.000009201E-05,-58
,,,-2.900009167E-05,-56
,,,-2.800009133E-05,-54
,,,-2.700009099E-05,-52
,,,-2.600009248E-05,-48
,,,-2.500009214E-05,-46
,,,-2.40000918E-05,-44
,,,-2.300009146E-05,-42
,,,-2.200009112E-05,-40
,,,-2.100009078E-05,-36
,,,-2.00000923E-05,-34
,,,-1.90000919E-05,-32
,,,-1.80000916E-05,-30
,,,-1.70000912E-05,-28
,,,-1.60000909E-05,-24
,,,-1.50000915E-05,-22
,,,-1.40000921E-05,-20
,,,-1.30000917E-05,-18
,,,-1.20000914E-05,-14
,,,-1.10000919E-05,-12
,,,-1.00000916E-05,-10
,,,-9.000091268E-06,-8
,,,-8.000091839E-06,-6
,,,-7.0000915E-06,-2
,,,-6.00009162E-06,0
,,,-5.00009173E-06,2
,,,-4.00009139E-06,4
,,,-3.00009151E-06,6
,,,-2.0000916E-06,8
,,,-1.0000916E-06,10
,,,-9.1631590828E-11,14
,,,9.99908365884E-07,16
,,,1.9999084E-06,18
,,,2.99990825E-06,20
,,,3.99990859E-06,24
,,,4.99990847E-06,26
,,,5.99990835E-06,28
,,,6.99990824E-06,30
,,,7.999908121E-06,34
,,,8.999908459E-06,36
,,,9.999908798E-06,38
,,,1.09999082E-05,40
,,,1.19999086E-05,42
,,,1.2999908E-05,46
,,,1.39999083E-05,48
,,,1.49999087E-05,50
,,,1.5999909E-05,54
,,,1.69999075E-05,56
,,,1.79999079E-05,58
,,,1.89999082E-05,62
,,,1.99999085E-05,64
,,,2.099990888E-05,66
,,,2.199990922E-05,70
,,,2.299990774E-05,72
,,,2.399990808E-05,74
,,,2.499990842E-05,76
,,,2.599990876E-05,80
,,,2.69999091E-05,82
,,,2.799990762E-05,86
,,,2.899990795E-05,88
,,,2.999990829E-05,90
,,,3.099990863E-05,94
,,,3.199990897E-05,96
,,,3.299990931E-05,98
,,,3.399990965E-05,100
,,,3.499990999E-05,104
,,,3.599990669E-05,106
,,,3.699990702E-05,108
,,,3.799990736E-05,110
,,,3.89999077E-05,112
,,,3.999990804E-05,114
,,,4.099990838E-05,116
,,,4.199990872E-05,116
,,,4.299990906E-05,118
,,,4.399990939E-05,120
,,,4.499990973E-05,120
,,,4.599990643E-05,122
,,,4.699990677E-05,122
,,,4.799990711E-05,124
,,,4.899990745E-05,124
,,,4.999990779E-05,124
,,,5.099990813E-05,124
,,,5.199990846E-05,124
,,,5.29999088E-05,124
,,,5.399990914E-05,124
,,,5.499990948E-05,124
,,,5.5999909819E-05,124
,,,5.6999906519E-05,122
,,,5.7999906858E-05,122
,,,5.8999907196E-05,122
,,,5.9999907535E-05,122
,,,6.0999907873E-05,120
,,,6.1999904574E-05,120
,,,6.2999904912E-05,118
,,,6.3999905251E-05,118
,,,6.499990559E-05,116
,,,6.5999905928E-05,116
,,,6.6999906267E-05,116
,,,6.7999906605E-05,114
,,,6.8999906944E-05,112
,,,6.9999907282E-05,112
,,,7.0999907621E-05,110
,,,7.1999907959E-05,110
,,,7.2999908298E-05,108
,,,7.3999908636E-05,108
,,,7.4999908975E-05,106
,,,7.5999909313E-05,104
,,,7.6999909652E-05,102
,,,7.799990999E-05,102
,,,7.8999910329E-05,102
,,,7.9999910668E-05,98
,,,8.0999911006E-05,98
,,,8.1999911345E-05,96
,,,8.2999911683E-05,96
,,,8.3999904746E-05,94
,,,8.4999905084E-05,92
,,,8.5999905423E-05,92
,,,8.6999905761E-05,92
,,,8.79999061E-05,90
,,,8.8999906438E-05,88
,,,8.9999906777E-05,86
,,,9.0999907115E-05,86
,,,9.1999907454E-05,84
,,,9.2999907793E-05,82
,,,9.3999908131E-05,80
,,,9.499990847E-05,78
,,,9.5999908808E-05,76
,,,9.6999909147E-05,76
,,,9.7999909485E-05,74
,,,9.8999909824E-05,72
,,,9.9999910162E-05,70
,,,0.0001009999105,68
,,,0.0001019999108,68
,,,0.0001029999112,64
,,,0.0001039999115,62
,,,0.0001049999046,60
,,,0.0001059999049,58
,,,0.0001069999053,56
,,,0.0001079999056,54
,,,0.0001089999059,54
,,,0.0001099999063,52
,,,0.0001109999066,50
,,,0.0001119999069,48
,,,0.0001129999073,46
,,,0.0001139999076,44
,,,0.000114999908,42
,,,0.0001159999083,38
,,,0.0001169999086,38
,,,0.000117999909,36
,,,0.0001189999093,32
,,,0.0001199999097,30
,,,0.00012099991,28
,,,0.0001219999103,26
,,,0.0001229999034,24
,,,0.000123999911,24
,,,0.0001249999041,20
,,,0.0001259999117,18
,,,0.0001269999048,16
,,,0.0001279999124,16
,,,0.0001289999054,14
,,,0.000129999913,10
,,,0.0001309999061,8
,,,0.0001319999137,6
,,,0.0001329999068,4
,,,0.0001339999144,2
,,,0.0001349999075,0
,,,0.0001359999151,-2
,,,0.0001369999081,-4
,,,0.0001379999012,-6
,,,0.0001389999088,-8
,,,0.0001399999019,-10
,,,0.0001409999095,-12
,,,0.0001419999026,-14
,,,0.0001429999102,-16
,,,0.0001439999032,-18
,,,0.0001449999108,-20
,,,0.0001459999039,-24
,,,0.0001469999115,-24
,,,0.0001479999046,-28
,,,0.0001489999122,-30
,,,0.00014999990526,-32
,,,0.00015099991288,-34
,,,0.00015199990594,-36
,,,0.00015299991355,-38
,,,0.00015399990662,-40
,,,0.00015499991423,-42
,,,0.00015599990729,-44
,,,0.00015699991491,-48
,,,0.00015799990797,-50
,,,0.00015899990103,-52
,,,0.00015999990865,-54
,,,0.00016099990171,-56
,,,0.00016199990932,-58
,,,0.00016299990239,-60
,,,0.00016399991,-64
,,,0.00016499990306,-66
,,,0.00016599991068,-68
,,,0.00016699990374,-70
,,,0.00016799991135,-72
,,,0.00016899990442,-74
,,,0.00016999991203,-78
,,,0.00017099990509,-80
,,,0.00017199991271,-82
,,,0.00017299990577,-86
,,,0.00017399991339,-86
,,,0.00017499990645,-88
,,,0.00017599991406,-90
,,,0.00017699990713,-94
,,,0.00017799991474,-96
,,,0.0001789999078,-98
,,,0.00017999990087,-98
,,,0.00018099990848,-102
,,,0.00018199990154,-104
,,,0.00018299990916,-106
,,,0.00018399990222,-108
,,,0.00018499990983,-110
,,,0.0001859999029,-112
,,,0.00018699991051,-114
,,,0.00018799990357,-116
,,,0.00018899991119,-118
,,,0.00018999990425,-120
,,,0.00019099991187,-120
,,,0.00019199990493,-122
,,,0.00019299991254,-124
,,,0.0001939999056,-124
,,,0.00019499991322,-124
,,,0.00019599990628,-126
,,,0.0001969999139,-128
,,,0.00019799990696,-128
,,,0.00019899991457,-128
,,,0.00019999990764,-128
,,,0.0002009999007,-128
,,,0.00020199990831,-130
,,,0.00020299990138,-130
,,,0.00020399990899,-130
,,,0.00020499990205,-128
,,,0.00020599990967,-128
,,,0.00020699990273,-128
,,,0.00020799991034,-128
,,,0.00020899990341,-126
,,,0.00020999991102,-126
,,,0.00021099990408,-126
,,,0.0002119999117,-124
,,,0.00021299990476,-122
,,,0.00021399991238,-122
,,,0.00021499990544,-120
,,,0.00021599991305,-120
,,,0.00021699990612,-118
,,,0.00021799991373,-118
,,,0.00021899990679,-116
,,,0.00021999991441,-116
,,,0.00022099990747,-114
,,,0.00022199991508,-112
,,,0.00022299990815,-112
,,,0.00022399990121,-110
,,,0.00022499990882,-110
,,,0.00022599990189,-108
,,,0.0002269999095,-106
,,,0.00022799990256,-104
,,,0.00022899991018,-104
,,,0.00022999990324,-100
,,,0.00023099991085,-100
,,,0.00023199990392,-98
,,,0.00023299991153,-96
,,,0.00023399990459,-94
,,,0.00023499991221,-92
,,,0.00023599990527,-90
,,,0.00023699991289,-88
,,,0.00023799990595,-86
,,,0.00023899991356,-84
,,,0.00023999990663,-82
,,,0.00024099991424,-80
,,,0.0002419999073,-78
,,,0.00024299991492,-74
,,,0.00024399990798,-72
,,,0.00024499991559,-70
,,,0.0002459998941,-68
,,,0.00024699990172,-64
,,,0.00024799990933,-62
,,,0.00024899991695,-60
,,,0.00024999989546,-58
,,,0.00025099990307,-56
,,,0.00025199991069,-52
,,,0.0002529999183,-52
,,,0.00025399989681,-48
,,,0.00025499990443,-46
,,,0.00025599991204,-44
,,,0.00025699991966,-40
,,,0.00025799989817,-40
,,,0.00025899990578,-36
,,,0.0002599999134,-34
,,,0.00026099992101,-30
,,,0.00026199989952,-30
,,,0.00026299990714,-26
,,,0.00026399991475,-24
,,,0.00026499989326,-22
,,,0.00026599990088,-20
,,,0.00026699990849,-18
,,,0.0002679999161,-14
,,,0.00026899989462,-10
,,,0.00026999990223,-10
,,,0.00027099990984,-6
,,,0.00027199991746,-4
,,,0.00027299989597,-2
,,,0.00027399990358,0
,,,0.0002749999112,2
,,,0.00027599991881,4
,,,0.00027699989732,8
,,,0.00027799990494,10
,,,0.00027899991255,12
,,,0.00027999992017,14
,,,0.00028099989868,16
,,,0.00028199990629,18
,,,0.00028299991391,22
,,,0.00028399992152,24
,,,0.00028499990003,26
,,,0.00028599990765,28
,,,0.00028699991526,32
,,,0.00028799989377,34
,,,0.00028899990139,36
,,,0.000289999909,40
,,,0.00029099991661,42
,,,0.00029199989513,44
,,,0.00029299990274,48
,,,0.00029399991035,50
,,,0.00029499991797,52
,,,0.00029599989648,54
,,,0.00029699990409,56
,,,0.00029799991171,60
,,,0.00029899991932,62
,,,0.00029999989783,64
,,,0.00030099990545,68
,,,0.00030199991306,70
,,,0.00030299992068,72
,,,0.00030399989919,76
,,,0.0003049999068,78
,,,0.00030599991442,80
,,,0.00030699992203,84
,,,0.00030799990054,86
,,,0.00030899990816,90
,,,0.00030999991577,92
,,,0.00031099989428,94
,,,0.0003119999019,96
,,,0.00031299990951,98
,,,0.00031399991713,102
,,,0.00031499989564,104
,,,0.00031599990325,106
,,,0.00031699991086,108
,,,0.00031799991848,110
,,,0.00031899989699,114
,,,0.0003199999046,114
,,,0.00032099991222,116
,,,0.00032199991983,118
,,,0.00032299989834,120
,,,0.00032399990596,120
,,,0.00032499991357,120
,,,0.00032599992119,122
,,,0.0003269998997,122
,,,0.00032799990731,122
,,,0.00032899991493,124
,,,0.00032999989344,124
,,,0.00033099990105,124
,,,0.00033199990867,124
,,,0.00033299991628,124
,,,0.00033399989479,124
,,,0.00033499990241,124
,,,0.00033599991002,124
,,,0.00033699991764,122
,,,0.00033799989615,122
,,,0.00033899990376,122
,,,0.00033999991138,122
,,,0.00034099991899,120
,,,0.0003419998975,120
,,,0.00034299990511,118
,,,0.00034399991273,116
,,,0.00034499992034,116
,,,0.00034599989885,116
,,,0.00034699990647,114
,,,0.00034799991408,114
,,,0.0003489999217,112
,,,0.00034999990021,112
,,,0.00035099990782,110
,,,0.00035199991544,110
,,,0.00035299989395,108
,,,0.00035399990156,106
,,,0.00035499990918,104
,,,0.00035599991679,104
,,,0.0003569998953,102
,,,0.00035799990292,102
,,,0.00035899991053,100
,,,0.00035999991815,98
,,,0.00036099989666,98
,,,0.00036199990427,96
,,,0.00036299991189,96
,,,0.0003639999195,94
,,,0.00036499989801,92
,,,0.00036599990563,92
,,,0.00036699991324,90
,,,0.00036799992085,88
,,,0.00036899989937,88
,,,0.00036999990698,86
,,,0.00037099991459,84
,,,0.0003719998931,84
,,,0.00037299990072,82
,,,0.00037399990833,80
,,,0.00037499991595,78
,,,0.00037599989446,76
,,,0.00037699990207,74
,,,0.00037799990969,74
,,,0.0003789999173,72
,,,0.00037999989581,70
,,,0.00038099990343,68
,,,0.00038199991104,66
,,,0.00038299991866,64
,,,0.00038399989717,62
,,,0.00038499990478,60
,,,0.0003859999124,58
,,,0.00038699992001,56
,,,0.00038799989852,54
,,,0.00038899990614,54
,,,0.00038999991375,50
,,,0.00039099992136,48
,,,0.00039199989988,48
,,,0.00039299990749,44
,,,0.0003939999151,42
,,,0.00039499989362,42
,,,0.00039599990123,38
,,,0.00039699990884,36
,,,0.00039799991646,34
,,,0.00039899989497,32
,,,0.00039999990258,30
,,,0.0004009999102,28
,,,0.00040199991781,26
,,,0.00040299989632,24
,,,0.000403999903938,22
,,,0.000404999911552,20
,,,0.000405999919167,18
,,,0.000406999897677,16
,,,0.000407999905292,14
,,,0.000408999912906,12
,,,0.000409999920521,10
,,,0.000410999899032,8
,,,0.000411999906646,4
,,,0.000412999914261,4
,,,0.000413999892771,2
,,,0.000414999900386,0
,,,0.000415999908,-2
,,,0.000416999915615,-4
,,,0.000417999894125,-6
,,,0.00041899990174,-8
,,,0.000419999909354,-12
,,,0.000420999916969,-14
,,,0.00042199989548,-16
,,,0.000422999903094,-18
,,,0.000423999910709,-20
,,,0.000424999918323,-22
,,,0.000425999896834,-24
,,,0.000426999904448,-26
,,,0.000427999912063,-28
,,,0.000428999919677,-30
,,,0.000429999898188,-32
,,,0.000430999905802,-36
,,,0.000431999913417,-38
,,,0.000432999921031,-40
,,,0.000433999899542,-42
,,,0.000434999907156,-44
,,,0.000435999914771,-46
,,,0.000436999893282,-48
,,,0.000437999900896,-50
,,,0.000438999908511,-52
,,,0.000439999916125,-54
,,,0.000440999894636,-58
,,,0.00044199990225,-60
,,,0.000442999909865,-62
,,,0.000443999917479,-64
,,,0.00044499989599,-66
,,,0.000445999903604,-70
,,,0.000446999911219,-72
,,,0.000447999918833,-74
,,,0.000448999897344,-76
,,,0.000449999904959,-78
,,,0.000450999912573,-80
,,,0.000451999920188,-84
,,,0.000452999898698,-86
,,,0.000453999906313,-88
,,,0.000454999913927,-88
,,,0.000455999921542,-92
,,,0.000456999900052,-94
,,,0.000457999907667,-96
,,,0.000458999915281,-98
,,,0.000459999893792,-100
,,,0.000460999901406,-102
,,,0.000461999909021,-106
,,,0.000462999916635,-106
,,,0.000463999895146,-108
,,,0.000464999902761,-110
,,,0.000465999910375,-112
,,,0.00046699991799,-116
,,,0.0004679998965,-116
,,,0.000468999904115,-118
,,,0.000469999911729,-120
,,,0.000470999919344,-120
,,,0.000471999897854,-122
,,,0.000472999905469,-124
,,,0.000473999913083,-126
,,,0.000474999920698,-126
,,,0.000475999899209,-128
,,,0.000476999906823,-128
,,,0.000477999914438,-128
,,,0.000478999892948,-128
,,,0.000479999900563,-128
,,,0.000480999908177,-128
,,,0.000481999915792,-128
,,,0.000482999894302,-128
,,,0.000483999901917,-128
,,,0.000484999909531,-128
,,,0.000485999917146,-128
,,,0.000486999895656,-128
,,,0.000487999903271,-126
,,,0.000488999881782,-126
,,,0.000489999889396,-126
,,,0.000490999897011,-124
,,,0.000491999904625,-124
,,,0.00049299991224,-122
,,,0.000493999919854,-122
,,,0.000494999927469,-122
,,,0.000495999935083,-120
,,,0.00049699988449,-118
,,,0.000497999892104,-118
,,,0.000498999899719,-116
,,,0.000499999907333,-116
,,,0.000500999914948,-114
,,,0.000501999922562,-112
,,,0.000502999930177,-112
,,,0.000503999879584,-110
,,,0.000504999887198,-110
,,,0.000505999894813,-108
,,,0.000506999902427,-106
,,,0.000507999910042,-104
,,,0.000508999917656,-102
,,,0.000509999925271,-102
,,,0.000510999932885,-100
,,,0.000511999882292,-98
,,,0.000512999889906,-96
,,,0.000513999897521,-92
,,,0.000514999905135,-90
,,,0.00051599991275,-88
,,,0.000516999920364,-88
,,,0.000517999927979,-84
,,,0.000518999935593,-84
,,,0.000519999885,-82
,,,0.000520999892615,-78
,,,0.000521999900229,-76
,,,0.000522999907844,-74
,,,0.000523999915458,-72
,,,0.000524999923073,-70
,,,0.000525999930687,-66
,,,0.000526999880094,-64
,,,0.000527999887709,-62
,,,0.000528999895323,-60
,,,0.000529999902938,-58
,,,0.000530999910552,-54
,,,0.000531999918167,-52
,,,0.000532999925781,-50
,,,0.000533999933396,-48
,,,0.000534999882802,-44
,,,0.000535999890417,-42
,,,0.000536999898031,-40
,,,0.000537999905646,-38
,,,0.00053899991326,-36
,,,0.000539999920875,-34
,,,0.000540999928489,-30
,,,0.000541999936104,-28
,,,0.000542999885511,-26
,,,0.000543999893125,-22
,,,0.00054499990074,-20
,,,0.000545999908354,-18
,,,0.000546999915969,-16
,,,0.000547999923583,-12
,,,0.000548999931198,-10
,,,0.000549999880604,-8
,,,0.000550999888219,-6
,,,0.000551999895833,-4
,,,0.000552999903448,-2
,,,0.000553999911062,2
,,,0.000554999918677,4
,,,0.000555999926291,4
,,,0.000556999933906,8
,,,0.000557999883313,10
,,,0.000558999890927,14
,,,0.000559999898542,16
,,,0.000560999906156,18
,,,0.000561999913771,20
,,,0.000562999921385,22
,,,0.000563999929,24
,,,0.000564999878407,28
,,,0.000565999886021,30
,,,0.000566999893636,32
,,,0.00056799990125,34
,,,0.000568999908864,38
,,,0.000569999916479,40
,,,0.000570999924093,42
,,,0.000571999931708,46
,,,0.000572999881115,48
,,,0.000573999888729,50
,,,0.000574999896344,52
,,,0.000575999903958,56
,,,0.000576999911573,58
,,,0.000577999919187,60
,,,0.000578999926802,64
,,,0.000579999934416,66
,,,0.000580999883823,70
,,,0.000581999891438,70
,,,0.000582999899052,74
,,,0.000583999906667,76
,,,0.000584999914281,78
,,,0.000585999921896,80
,,,0.00058699992951,86
,,,0.000587999878917,88
,,,0.000588999886531,88
,,,0.000589999894146,92
,,,0.00059099990176,96
,,,0.000591999909375,96
,,,0.000592999916989,100
,,,0.000593999924604,102
,,,0.000594999932218,104
,,,0.000595999881625,108
,,,0.00059699988924,110
,,,0.000597999896854,112
,,,0.000598999904469,114
,,,0.000599999912083,116
,,,0.000600999919698,118
,,,0.000601999927312,118
,,,0.000602999934927,120
,,,0.000603999884333,120
,,,0.000604999891948,122
,,,0.000605999899562,122
,,,0.000606999907177,124
,,,0.000607999914791,124
,,,0.000608999922406,124
,,,0.00060999993002,124
,,,0.000610999879427,124
,,,0.000611999887042,124
,,,0.000612999894656,124
,,,0.000613999902271,124
,,,0.000614999909885,124
,,,0.0006159999175,122
,,,0.000616999925114,122
,,,0.000617999932729,122
,,,0.000618999882136,122
,,,0.00061999988975,122
,,,0.000620999897365,120
,,,0.000621999904979,118
,,,0.000622999912594,118
,,,0.000623999920208,118
,,,0.000624999927823,116
,,,0.000625999935437,116
,,,0.000626999884844,114
,,,0.000627999892458,112
,,,0.000628999900073,112
,,,0.000629999907687,112
,,,0.000630999915302,110
,,,0.000631999922916,108
,,,0.000632999930531,108
,,,0.000633999879938,106
,,,0.000634999887552,104
,,,0.000635999895167,104
,,,0.000636999902781,102
,,,0.000637999910396,100
,,,0.00063899991801,100
,,,0.000639999925625,98
,,,0.000640999933239,98
,,,0.000641999882646,96
,,,0.00064299989026,94
,,,0.000643999897875,94
,,,0.000644999905489,92
,,,0.000645999913104,90
,,,0.000646999920718,90
,,,0.000647999928333,88
,,,0.00064899987774,88
,,,0.000649999885354,86
,,,0.000650999892969,84
,,,0.000651999900583,82
,,,0.000652999908198,80
,,,0.000653999915812,78
,,,0.000654999923427,78
,,,0.000655999931041,76
,,,0.000656999880448,74
,,,0.000657999888062,74
,,,0.000658999895677,70
,,,0.000659999903291,70
,,,0.000660999910906,68
,,,0.00066199991852,66
,,,0.000662999926135,62
,,,0.000663999933749,60
,,,0.000664999883156,60
,,,0.000665999890771,56
,,,0.000666999898385,56
,,,0.000667999906,54
,,,0.000668999913614,52
,,,0.000669999921229,50
,,,0.000670999928843,48
,,,0.00067199987825,46
,,,0.000672999885865,44
,,,0.000673999893479,42
,,,0.000674999901094,40
,,,0.000675999908708,38
,,,0.000676999916323,36
,,,0.000677999923937,34
,,,0.000678999931552,32
,,,0.000679999880958,30
,,,0.000680999888573,28
,,,0.000681999896187,26
,,,0.000682999903802,24
,,,0.000683999911416,22
,,,0.000684999919031,20
,,,0.000685999926645,16
,,,0.00068699993426,16
,,,0.000687999883667,14
,,,0.000688999891281,12
,,,0.000689999898896,10
,,,0.00069099990651,6
,,,0.000691999914125,4
,,,0.000692999921739,4
,,,0.000693999929354,2
,,,0.00069499987876,-2
,,,0.000695999886375,-4
,,,0.000696999893989,-4
,,,0.000697999901604,-8
,,,0.000698999909218,-8
,,,0.000699999916833,-12
,,,0.000700999924447,-14
,,,0.000701999932062,-16
,,,0.000702999881469,-18
,,,0.000703999889083,-20
,,,0.000704999896698,-24
,,,0.000705999904312,-26
,,,0.000706999911927,-28
,,,0.000707999919541,-28
,,,0.000708999927156,-30
,,,0.00070999993477,-34
,,,0.000710999884177,-36
,,,0.000711999891791,-38
,,,0.000712999899406,-40
,,,0.00071399990702,-42
,,,0.000714999914635,-44
,,,0.000715999922249,-48
,,,0.000716999929864,-50
,,,0.000717999879271,-52
,,,0.000718999886885,-52
,,,0.0007199998945,-56
,,,0.000720999902114,-58
,,,0.000721999909729,-60
,,,0.000722999917343,-62
,,,0.000723999924958,-64
,,,0.000724999932572,-66
,,,0.000725999881979,-70
,,,0.000726999889594,-72
,,,0.000727999897208,-76
,,,0.000728999904823,-78
,,,0.000729999912437,-78
,,,0.000730999920052,-82
,,,0.000731999927666,-82
,,,0.000732999935281,-86
,,,0.000733999884687,-88
,,,0.000734999892302,-90
,,,0.000735999899916,-92
,,,0.000736999907531,-94
,,,0.000737999915145,-96
,,,0.00073899992276,-98
,,,0.000739999930374,-100
,,,0.000740999879781,-102
,,,0.000741999887396,-106
,,,0.00074299989501,-108
,,,0.000743999902625,-110
,,,0.000744999910239,-112
,,,0.000745999917854,-114
,,,0.000746999925468,-114
,,,0.000747999933083,-118
,,,0.000748999882489,-118
,,,0.000749999890104,-120
,,,0.000750999897718,-122
,,,0.000751999905333,-124
,,,0.000752999912947,-124
,,,0.000753999920562,-126
,,,0.000754999928176,-126
,,,0.000755999877583,-128
,,,0.000756999885198,-128
,,,0.000757999892812,-128
,,,0.000758999900427,-128
,,,0.000759999908041,-130
,,,0.000760999915656,-128
,,,0.00076199992327,-128
,,,0.000762999930885,-128
,,,0.000763999880292,-128
,,,0.000764999887906,-128
,,,0.000765999895521,-128
,,,0.000766999903135,-126
,,,0.000767999910749,-126
,,,0.000768999918364,-126
,,,0.000769999925978,-126
,,,0.000770999933593,-124
,,,0.000771999883,-124
,,,0.000772999890614,-122
,,,0.000773999898229,-122
,,,0.000774999905843,-120
,,,0.000775999913458,-120
,,,0.000776999921072,-118
,,,0.000777999928687,-118
,,,0.000778999878094,-116
,,,0.000779999885708,-114
,,,0.000780999893323,-114
,,,0.000781999900937,-112
,,,0.000782999908552,-112
,,,0.000783999916166,-110
,,,0.000784999923781,-108
,,,0.000785999931395,-108
,,,0.000786999880802,-106
,,,0.000787999888416,-104
,,,0.000788999896031,-102
,,,0.000789999903645,-100
,,,0.00079099991126,-98
,,,0.000791999918874,-96
,,,0.000792999926489,-94
,,,0.000793999934103,-92
,,,0.00079499988351,-90
,,,0.000795999891125,-90
,,,0.000796999898739,-86
,,,0.000797999906354,-84
,,,0.000798999913968,-82
,,,0.000799999921583,-80
,,,0.000800999929197,-78
,,,0.000801999878604,-76
,,,0.000802999886218,-74
,,,0.000803999893833,-72
,,,0.000804999901447,-68
,,,0.000805999909062,-66
,,,0.000806999916676,-64
,,,0.000807999924291,-60
,,,0.000808999931905,-58
,,,0.000809999881312,-56
,,,0.000810999888927,-54
,,,0.000811999896541,-50
,,,0.000812999904156,-48
,,,0.00081399991177,-46
,,,0.000814999919385,-44
,,,0.000815999926999,-42
,,,0.000816999934614,-40
,,,0.000817999884021,-38
,,,0.000818999891635,-34
,,,0.00081999989925,-32
,,,0.000820999906864,-30
,,,0.000821999914479,-28
,,,0.000822999922093,-24
,,,0.000823999929707,-22
,,,0.000824999879114,-20
,,,0.000825999886729,-16
,,,0.000826999894343,-14
,,,0.000827999901958,-12
,,,0.000828999909572,-10
,,,0.000829999917187,-8
,,,0.000830999924801,-4
,,,0.000831999932416,-2
,,,0.000832999881823,0
,,,0.000833999889437,2
,,,0.000834999897052,4
,,,0.000835999904666,6
,,,0.000836999912281,10
,,,0.000837999919895,10
,,,0.00083899992751,14
,,,0.000839999935124,16
,,,0.000840999884531,18
,,,0.000841999892145,22
,,,0.00084299989976,24
,,,0.000843999907374,26
,,,0.000844999914989,28
,,,0.000845999922603,32
,,,0.000846999930218,34
,,,0.000847999879625,36
,,,0.000848999887239,38
,,,0.000849999894854,40
,,,0.000850999902468,44
,,,0.000851999910083,46
,,,0.000852999917697,50
,,,0.000853999925312,52
,,,0.000854999932926,54
,,,0.000855999882333,56
,,,0.000856999889947,58
,,,0.000857999897562,62
,,,0.000858999905176,64
,,,0.000859999912791,66
,,,0.000860999920405,70
,,,0.00086199992802,72
,,,0.000862999877427,74
,,,0.000863999885041,76
,,,0.000864999892656,80
,,,0.00086599990027,82
,,,0.000866999907885,84
,,,0.000867999915499,88
,,,0.000868999923114,92
,,,0.000869999930728,92
,,,0.000870999880135,96
,,,0.00087199988775,98
,,,0.000872999895364,100
,,,0.000873999902979,102
,,,0.000874999910593,106
,,,0.000875999918208,108
,,,0.000876999925822,110
,,,0.000877999933437,114
,,,0.000878999882843,114
,,,0.000879999890458,114
,,,0.000880999898072,116
,,,0.000881999905687,118
,,,0.000882999913301,120
,,,0.000883999920916,120
,,,0.00088499992853,122
,,,0.000885999877937,122
,,,0.000886999885552,124
,,,0.000887999893166,124
,,,0.000888999900781,124
,,,0.000889999908395,124
,,,0.00089099991601,124
,,,0.000891999923624,124
,,,0.000892999931239,124
,,,0.000893999880645,124
,,,0.00089499988826,124
,,,0.000895999895874,122
,,,0.000896999903489,122
,,,0.000897999911103,122
,,,0.000898999918718,122
,,,0.000899999926332,120
,,,0.000900999933947,120
,,,0.000901999883354,118
,,,0.000902999890968,118
,,,0.000903999898583,116
,,,0.000904999906197,116
,,,0.000905999913812,114
,,,0.000906999921426,114
,,,0.000907999929041,114
,,,0.000908999878448,112
,,,0.000909999886062,110
,,,0.000910999893676,108
,,,0.000911999901291,108
,,,0.000912999908905,106
,,,0.00091399991652,106
,,,0.000914999924134,104
,,,0.000915999931749,102
,,,0.000916999881156,102
,,,0.00091799988877,100
,,,0.000918999896385,98
,,,0.000919999903999,98
,,,0.000920999911614,98
,,,0.000921999919228,96
,,,0.000922999926843,96
,,,0.000923999934457,94
,,,0.000924999883864,92
,,,0.000925999891479,90
,,,0.000926999899093,90
,,,0.000927999906708,88
,,,0.000928999914322,86
,,,0.000929999921937,84
,,,0.000930999929551,84
,,,0.000931999878958,82
,,,0.000932999886572,80
,,,0.000933999894187,78
,,,0.000934999901801,78
,,,0.000935999909416,76
,,,0.00093699991703,74
,,,0.000937999924645,72
,,,0.000938999932259,72
,,,0.000939999881666,68
,,,0.000940999889281,66
,,,0.000941999896895,64
,,,0.00094299990451,64
,,,0.000943999912124,60
,,,0.000944999919739,58
,,,0.000945999927353,56
,,,0.000946999934968,56
,,,0.000947999884374,54
,,,0.000948999891989,52
,,,0.000949999899603,50
,,,0.000950999907218,48
,,,0.000951999914832,44
,,,0.000952999922447,42
,,,0.000953999930061,40
,,,0.000954999879468,40
,,,0.000955999887083,36
,,,0.000956999894697,34
,,,0.000957999902312,34
,,,0.000958999909926,32
,,,0.000959999917541,30
,,,0.000960999925155,26
,,,0.00096199993277,26
,,,0.000962999882177,22
,,,0.000963999889791,20
,,,0.000964999897406,18
,,,0.00096599990502,16
,,,0.000966999912634,14
,,,0.000967999920249,12
,,,0.000968999927863,10
,,,0.00096999987727,8
,,,0.000970999884885,6
,,,0.000971999892499,4
,,,0.000972999900114,2
,,,0.000973999907728,0
,,,0.000974999915343,-2
,,,0.000975999922957,-4
,,,0.000976999872364,-6
,,,0.000977999879979,-8
,,,0.000978999887593,-12
,,,0.000979999895208,-12
,,,0.000980999902822,-14
,,,0.000981999910437,-18
,,,0.000982999918051,-18
,,,0.000983999925666,-20
,,,0.00098499993328,-24
,,,0.000985999940895,-24
,,,0.000986999948509,-28
,,,0.000987999956124,-30
,,,0.000988999963738,-32
,,,0.000989999854937,-34
,,,0.000990999862552,-36
,,,0.000991999870166,-38
,,,0.000992999877781,-40
,,,0.000993999885395,-42
,,,0.00099499989301,-44
,,,0.000995999900624,-48
,,,0.000996999908239,-48
,,,0.000997999915853,-52
,,,0.000998999923468,-54
,,,0.000999999931082,-56
,,,0.0010009999,-58
,,,0.0010019999,-60
,,,0.001003,-64
,,,0.001004,-66
,,,0.0010049999,-68
,,,0.0010059999,-72
,,,0.0010069999,-72
,,,0.0010079999,-76
,,,0.0010089999,-78
,,,0.0010099999,-80
,,,0.0010109999,-82
,,,0.0010119999,-84
,,,0.0010129999,-88
,,,0.0010139999,-90
,,,0.0010149999,-90
,,,0.0010159999,-94
,,,0.0010169999,-96
,,,0.001018,-98
,,,0.001019,-100
,,,0.0010199999,-102
,,,0.0010209999,-104
,,,0.0010219999,-106
,,,0.0010229999,-108
,,,0.0010239999,-110
,,,0.0010249999,-112
,,,0.0010259999,-114
,,,0.0010269999,-116
,,,0.0010279999,-118
,,,0.0010289999,-120
,,,0.0010299999,-120
,,,0.0010309999,-122
,,,0.0010319999,-124
,,,0.0010329999,-124
,,,0.001034,-126
,,,0.0010349998,-126
,,,0.0010359999,-128
,,,0.0010369999,-128
,,,0.0010379999,-128
,,,0.0010389999,-128
,,,0.0010399999,-130
,,,0.0010409999,-128
,,,0.0010419999,-130
,,,0.0010429999,-128
,,,0.0010439999,-128
,,,0.0010449999,-128
,,,0.0010459999,-126
,,,0.0010469999,-126
,,,0.0010479999,-126
,,,0.001049,-124
,,,0.00105,-124
,,,0.0010509999,-124
,,,0.0010519999,-124
,,,0.0010529999,-122
,,,0.0010539999,-120
,,,0.0010549999,-120
,,,0.0010559999,-118
,,,0.0010569999,-118
,,,0.0010579999,-118
,,,0.0010589999,-116
,,,0.0010599999,-114
,,,0.0010609999,-112
,,,0.0010619999,-114
,,,0.0010629999,-110
,,,0.001064,-108
,,,0.001065,-108
,,,0.0010659999,-106
,,,0.0010669999,-104
,,,0.0010679999,-102
,,,0.0010689999,-102
,,,0.0010699999,-100
,,,0.0010709999,-98
,,,0.0010719999,-96
,,,0.0010729999,-94
,,,0.0010739999,-92
,,,0.0010749999,-90
,,,0.0010759999,-88
,,,0.0010769999,-86
,,,0.0010779999,-84
,,,0.001079,-82
,,,0.00108,-80
,,,0.0010809998,-76
,,,0.0010819999,-74
,,,0.0010829999,-72
,,,0.0010839999,-70
,,,0.0010849999,-66
,,,0.0010859999,-66
,,,0.0010869999,-62
,,,0.0010879999,-60
,,,0.0010889999,-58
,,,0.0010899999,-54
,,,0.0010909999,-54
,,,0.0010919999,-50
,,,0.0010929999,-48
,,,0.0010939999,-46
,,,0.001095,-42
,,,0.001096,-40
,,,0.0010969999,-40
,,,0.0010979999,-36
,,,0.0010989999,-34
,,,0.0010999999,-32
,,,0.0011009999,-28
,,,0.0011019999,-26
,,,0.0011029999,-24
,,,0.0011039999,-20
,,,0.0011049999,-18
,,,0.0011059999,-18
,,,0.0011069999,-12
,,,0.0011079999,-10
,,,0.0011089999,-8
,,,0.00111,-6
,,,0.001111,-4
,,,0.0011119999,-2
,,,0.0011129999,0
,,,0.0011139999,2
,,,0.0011149999,4
,,,0.0011159999,8
,,,0.0011169999,10
,,,0.0011179999,12
,,,0.0011189999,14
,,,0.0011199999,16
,,,0.0011209999,20
,,,0.0011219999,22
,,,0.0011229999,24
,,,0.0011239999,26
,,,0.001125,30
,,,0.001126,32
,,,0.0011269999,36
,,,0.0011279999,36
,,,0.0011289999,38
,,,0.0011299999,42
,,,0.0011309999,44
,,,0.0011319999,46
,,,0.0011329999,50
,,,0.0011339999,52
,,,0.0011349999,54
,,,0.0011359999,56
,,,0.0011369999,60
,,,0.0011379999,62
,,,0.0011389999,66
,,,0.0011399999,68
,,,0.001141,70
,,,0.0011419998,72
,,,0.0011429999,76
,,,0.0011439999,78
,,,0.0011449999,82
,,,0.0011459999,84
,,,0.0011469999,86
,,,0.0011479999,88
,,,0.0011489999,92
,,,0.0011499999,96
,,,0.0011509999,98
,,,0.0011519999,98
,,,0.0011529999,102
,,,0.0011539999,104
,,,0.0011549999,106
,,,0.001156,108
,,,0.001157,110
,,,0.0011579999,114
,,,0.0011589999,116
,,,0.0011599999,116
,,,0.0011609999,118
,,,0.0011619999,120
,,,0.0011629999,122
,,,0.0011639999,122
,,,0.0011649999,122
,,,0.0011659999,122
,,,0.0011669999,124
,,,0.0011679999,124
,,,0.0011689999,124
,,,0.0011699999,124
,,,0.001171,124
,,,0.001172,124
,,,0.0011729999,124
,,,0.0011739999,124
,,,0.0011749999,124
,,,0.0011759999,122
,,,0.0011769999,122
,,,0.0011779999,120
,,,0.0011789999,122
,,,0.0011799999,120
,,,0.0011809999,118
,,,0.0011819999,118
,,,0.0011829999,118
,,,0.0011839999,116
,,,0.0011849999,114
,,,0.001186,114
,,,0.001187,114
,,,0.0011879998,112
,,,0.0011889999,110
,,,0.0011899999,110
,,,0.0011909999,108
,,,0.0011919999,108
,,,0.0011929999,106
,,,0.0011939999,106
,,,0.0011949999,104
,,,0.0011959999,102
,,,0.0011969999,102
,,,0.0011979999,100
,,,0.0011989999,98
,,,0.0011999999,98
,,,0.0012009999,98
,,,0.001202,96
,,,0.001203,94
,,,0.0012039999,92
,,,0.0012049999,90
,,,0.0012059999,90
,,,0.0012069999,88
,,,0.0012079999,86
,,,0.0012089999,86
,,,0.0012099999,84
,,,0.0012109999,82
,,,0.0012119999,82
,,,0.0012129999,78
,,,0.0012139999,78
,,,0.0012149999,76
,,,0.0012159999,74
,,,0.001217,72
,,,0.001218,72
,,,0.0012189999,68
,,,0.0012199999,68
,,,0.0012209999,66
,,,0.0012219999,64
,,,0.0012229999,62
,,,0.0012239999,60
,,,0.0012249999,58
,,,0.0012259999,56
,,,0.0012269999,54
,,,0.0012279999,52
,,,0.0012289999,50
,,,0.0012299999,50
,,,0.0012309999,46
,,,0.001232,44
,,,0.001233,44
,,,0.0012339999,40
,,,0.0012349999,38
,,,0.0012359999,36
,,,0.0012369999,34
,,,0.0012379999,32
,,,0.0012389999,30
,,,0.0012399999,28
,,,0.0012409999,26
,,,0.0012419999,24
,,,0.0012429999,22
,,,0.0012439999,20
,,,0.0012449999,18
,,,0.0012459999,16
,,,0.0012469999,14
,,,0.001248,12
,,,0.0012489998,10
