,,,Tiempo,Voltaje
Record Length,2500,Points,-0.00026999998954,18
Sample Interval,2.0000000234E-07,s,-0.00026979998802,20
Trigger Point,1350,Samples,-0.0002695999865,22
,,,-0.00026939998497,22
,,,-0.00026919998345,24
,,,-0.00026899998193,24
Source,CH2,,-0.0002687999804,24
Vertical Units,Volts,,-0.00026859997888,24
Vertical Scale,50,,-0.00026839997736,26
Vertical Offset,0,,-0.00026819997584,26
Horizontal Units,s,,-0.00026800000342,28
Horizontal Scale,5.000000058E-05,,-0.00026780000189,26
Pt Fmt,Y,,-0.00026760000037,28
Yzero,0.88,,-0.00026739999885,28
Probe Atten,10,,-0.00026719999732,28
,,,-0.0002669999958,30
Note, - 6:28:10 p. m.   11/03/2021,,-0.00026679999428,30
,,,-0.00026659999276,32
,,,-0.00026639999123,30
,,,-0.00026619998971,30
,,,-0.00026599998819,30
,,,-0.00026579998666,34
,,,-0.00026559998514,30
,,,-0.00026539998362,32
,,,-0.0002651999821,34
,,,-0.00026499998057,36
,,,-0.00026479997905,34
,,,-0.00026459997753,36
,,,-0.000264399976,36
,,,-0.00026420000358,36
,,,-0.00026400000206,38
,,,-0.00026380000054,36
,,,-0.00026359999902,38
,,,-0.00026339999749,38
,,,-0.00026319999597,40
,,,-0.00026299999445,40
,,,-0.00026279999292,42
,,,-0.0002625999914,40
,,,-0.00026239998988,42
,,,-0.00026219998836,42
,,,-0.00026199998683,44
,,,-0.00026179998531,42
,,,-0.00026159998379,42
,,,-0.00026139998226,46
,,,-0.00026119998074,42
,,,-0.00026099997922,46
,,,-0.0002607999777,48
,,,-0.00026059997617,46
,,,-0.00026040000375,46
,,,-0.00026020000223,48
,,,-0.00026000000071,48
,,,-0.00025979999918,48
,,,-0.00025959999766,50
,,,-0.00025939999614,50
,,,-0.00025919999462,50
,,,-0.00025899999309,54
,,,-0.00025879999157,52
,,,-0.00025859999005,54
,,,-0.00025839998852,52
,,,-0.000258199987,54
,,,-0.00025799998548,54
,,,-0.00025779998396,54
,,,-0.00025759998243,56
,,,-0.00025739998091,54
,,,-0.00025719997939,56
,,,-0.00025699997786,54
,,,-0.00025679997634,58
,,,-0.00025660000392,56
,,,-0.0002564000024,58
,,,-0.00025620000088,58
,,,-0.00025599999935,60
,,,-0.00025579999783,60
,,,-0.00025559999631,60
,,,-0.00025539999478,62
,,,-0.00025519999326,62
,,,-0.00025499999174,62
,,,-0.00025479999022,64
,,,-0.00025459998869,62
,,,-0.00025439998717,62
,,,-0.00025419998565,66
,,,-0.00025399998412,64
,,,-0.0002537999826,66
,,,-0.00025359998108,66
,,,-0.00025339997956,68
,,,-0.00025319997803,66
,,,-0.00025299997651,68
,,,-0.00025279997499,68
,,,-0.00025260000257,70
,,,-0.00025240000105,70
,,,-0.00025219999952,72
,,,-0.000251999998,70
,,,-0.00025179999648,72
,,,-0.00025159999495,72
,,,-0.00025139999343,72
,,,-0.00025119999191,74
,,,-0.00025099999039,74
,,,-0.00025079998886,72
,,,-0.00025059998734,74
,,,-0.00025039998582,76
,,,-0.00025019998429,76
,,,-0.00024999998277,76
,,,-0.00024979998125,76
,,,-0.00024959997972,78
,,,-0.0002493999782,80
,,,-0.00024919997668,80
,,,-0.00024899997516,80
,,,-0.00024880000274,80
,,,-0.00024860000121,82
,,,-0.00024839999969,82
,,,-0.00024819999817,82
,,,-0.00024799999665,82
,,,-0.00024779999512,84
,,,-0.0002475999936,82
,,,-0.00024739999208,84
,,,-0.00024719999055,84
,,,-0.00024699998903,84
,,,-0.00024679998751,86
,,,-0.00024659998599,86
,,,-0.00024639998446,88
,,,-0.00024619998294,86
,,,-0.00024599998142,88
,,,-0.00024579997989,88
,,,-0.00024559997837,88
,,,-0.00024539997685,88
,,,-0.00024519997532,92
,,,-0.00024500000291,92
,,,-0.00024480000138,92
,,,-0.00024459999986,92
,,,-0.00024439999834,94
,,,-0.00024419999681,94
,,,-0.00024399999529,94
,,,-0.00024379999377,96
,,,-0.00024359999225,96
,,,-0.00024339999072,94
,,,-0.0002431999892,98
,,,-0.00024299998768,96
,,,-0.00024279998615,96
,,,-0.00024259998463,100
,,,-0.00024239998311,98
,,,-0.00024219999614,100
,,,-0.00024199999461,100
,,,-0.00024179999309,100
,,,-0.00024159999157,102
,,,-0.00024139999005,100
,,,-0.00024119998852,102
,,,-0.000240999987,102
,,,-0.00024079998548,102
,,,-0.00024059998395,100
,,,-0.00024039998243,104
,,,-0.00024019999546,104
,,,-0.00023999999394,104
,,,-0.00023979999241,106
,,,-0.00023959999089,108
,,,-0.00023939998937,106
,,,-0.00023919998785,108
,,,-0.00023899998632,108
,,,-0.0002387999848,108
,,,-0.00023859998328,110
,,,-0.00023839999631,110
,,,-0.00023819999478,110
,,,-0.00023799999326,112
,,,-0.00023779999174,112
,,,-0.00023759999021,110
,,,-0.00023739998869,112
,,,-0.00023719998717,114
,,,-0.00023699998565,114
,,,-0.00023679998412,112
,,,-0.0002365999826,112
,,,-0.00023639999563,114
,,,-0.00023619999411,116
,,,-0.00023599999258,116
,,,-0.00023579999106,116
,,,-0.00023559998954,116
,,,-0.00023539998801,118
,,,-0.00023519998649,118
,,,-0.00023499998497,118
,,,-0.00023479998345,118
,,,-0.00023459998192,116
,,,-0.00023439999495,118
,,,-0.00023419999343,120
,,,-0.00023399999191,118
,,,-0.00023379999038,120
,,,-0.00023359998886,120
,,,-0.00023339998734,120
,,,-0.00023319998581,120
,,,-0.00023299998429,120
,,,-0.00023279998277,120
,,,-0.0002325999958,120
,,,-0.00023239999427,122
,,,-0.00023219999275,120
,,,-0.00023199999123,122
,,,-0.00023179998971,122
,,,-0.00023159998818,122
,,,-0.00023139998666,120
,,,-0.00023119998514,122
,,,-0.00023099998361,122
,,,-0.00023079998209,122
,,,-0.00023059999512,122
,,,-0.0002303999936,122
,,,-0.00023019999207,124
,,,-0.00022999999055,124
,,,-0.00022979998903,122
,,,-0.00022959998751,122
,,,-0.00022939998598,124
,,,-0.00022919998446,124
,,,-0.00022899998294,120
,,,-0.00022879999597,124
,,,-0.00022859999444,124
,,,-0.00022839999292,124
,,,-0.0002281999914,124
,,,-0.00022799998987,124
,,,-0.00022779998835,124
,,,-0.00022759998683,124
,,,-0.00022739998531,124
,,,-0.00022719998378,124
,,,-0.00022699998226,124
,,,-0.00022679999529,124
,,,-0.00022659999377,122
,,,-0.00022639999224,124
,,,-0.00022619999072,124
,,,-0.0002259999892,122
,,,-0.00022579998767,124
,,,-0.00022559998615,122
,,,-0.00022539998463,124
,,,-0.00022519998311,124
,,,-0.00022499999614,124
,,,-0.00022479999461,124
,,,-0.00022459999309,124
,,,-0.00022439999157,124
,,,-0.00022419999004,124
,,,-0.00022399998852,124
,,,-0.000223799987,124
,,,-0.00022359998547,124
,,,-0.00022339998395,126
,,,-0.00022319998243,122
,,,-0.00022299999546,122
,,,-0.00022279999394,124
,,,-0.00022259999241,124
,,,-0.00022239999089,124
,,,-0.00022219998937,126
,,,-0.00022199998784,124
,,,-0.00022179998632,122
,,,-0.0002215999848,124
,,,-0.00022139998327,124
,,,-0.00022119998175,124
,,,-0.00022099999478,124
,,,-0.00022079999326,122
,,,-0.00022059999174,124
,,,-0.00022039999021,122
,,,-0.00022019998869,124
,,,-0.00021999998717,122
,,,-0.00021979998564,124
,,,-0.00021959998412,122
,,,-0.0002193999826,124
,,,-0.00021919999563,122
,,,-0.0002189999941,124
,,,-0.00021879999258,122
,,,-0.00021859999106,122
,,,-0.00021839998954,122
,,,-0.00021819998801,122
,,,-0.00021799998649,124
,,,-0.00021779998497,122
,,,-0.00021759998344,122
,,,-0.00021739998192,122
,,,-0.00021719999495,122
,,,-0.00021699999343,122
,,,-0.0002167999919,122
,,,-0.00021659999038,122
,,,-0.00021639998886,122
,,,-0.00021619998734,122
,,,-0.00021599998581,120
,,,-0.00021579998429,122
,,,-0.00021559998277,122
,,,-0.0002153999958,124
,,,-0.00021519999427,122
,,,-0.00021499999275,120
,,,-0.00021479999123,122
,,,-0.0002145999897,120
,,,-0.00021439998818,122
,,,-0.00021419998666,122
,,,-0.00021399998514,120
,,,-0.00021379998361,122
,,,-0.00021359998209,120
,,,-0.00021339999512,122
,,,-0.0002131999936,118
,,,-0.00021299999207,122
,,,-0.00021279999055,118
,,,-0.00021259998903,118
,,,-0.0002123999875,120
,,,-0.00021219998598,120
,,,-0.00021199998446,120
,,,-0.00021179998294,120
,,,-0.00021159999596,118
,,,-0.00021139999444,120
,,,-0.00021119999292,116
,,,-0.0002109999914,116
,,,-0.00021079998987,116
,,,-0.00021059998835,118
,,,-0.00021039998683,118
,,,-0.0002101999853,118
,,,-0.00020999998378,118
,,,-0.00020979998226,116
,,,-0.00020959999529,118
,,,-0.00020939999376,120
,,,-0.00020919999224,116
,,,-0.00020899999072,118
,,,-0.0002087999892,116
,,,-0.00020859998767,116
,,,-0.00020839998615,114
,,,-0.00020819998463,116
,,,-0.0002079999831,116
,,,-0.00020779998158,116
,,,-0.00020759999461,116
,,,-0.00020739999309,116
,,,-0.00020719999156,114
,,,-0.00020699999004,116
,,,-0.00020679998852,116
,,,-0.000206599987,116
,,,-0.00020639998547,116
,,,-0.00020619998395,116
,,,-0.00020599998243,114
,,,-0.00020579999546,114
,,,-0.00020559999393,116
,,,-0.00020539999241,114
,,,-0.00020519999089,116
,,,-0.00020499998936,114
,,,-0.00020479998784,114
,,,-0.00020459998632,116
,,,-0.0002043999848,114
,,,-0.00020419998327,112
,,,-0.00020399998175,114
,,,-0.00020379999478,112
,,,-0.00020359999326,112
,,,-0.00020339999173,112
,,,-0.00020319999021,112
,,,-0.00020299998869,114
,,,-0.00020279998716,112
,,,-0.00020259998564,112
,,,-0.00020239998412,112
,,,-0.0002021999826,112
,,,-0.00020199999562,112
,,,-0.0002017999941,110
,,,-0.00020159999258,112
,,,-0.00020139999106,110
,,,-0.00020119998953,110
,,,-0.00020099998801,112
,,,-0.00020079998649,112
,,,-0.00020059998496,110
,,,-0.00020039998344,110
,,,-0.00020019998192,108
,,,-0.00019999999495,110
,,,-0.00019979999342,108
,,,-0.0001995999919,110
,,,-0.00019939999038,110
,,,-0.00019919998886,110
,,,-0.00019899998733,108
,,,-0.00019879998581,110
,,,-0.00019859998429,108
,,,-0.00019839998276,108
,,,-0.00019819999579,108
,,,-0.00019799999427,108
,,,-0.00019779999275,106
,,,-0.00019759999122,106
,,,-0.0001973999897,106
,,,-0.00019719998818,104
,,,-0.00019699998666,108
,,,-0.00019679998513,108
,,,-0.00019659998361,106
,,,-0.00019639998209,106
,,,-0.00019619999512,106
,,,-0.00019599999359,106
,,,-0.00019579999207,106
,,,-0.00019559999055,106
,,,-0.00019539998902,108
,,,-0.0001951999875,106
,,,-0.00019499998598,104
,,,-0.00019479998446,104
,,,-0.00019459998293,106
,,,-0.00019439998141,104
,,,-0.00019419999444,106
,,,-0.00019399999292,106
,,,-0.00019379999139,104
,,,-0.00019359998987,102
,,,-0.00019339998835,102
,,,-0.00019319998682,102
,,,-0.0001929999853,104
,,,-0.00019279998378,102
,,,-0.00019259998226,104
,,,-0.00019239999529,104
,,,-0.00019219999376,102
,,,-0.00019199999224,104
,,,-0.00019179999072,102
,,,-0.00019159998919,100
,,,-0.00019139998767,102
,,,-0.00019119998615,102
,,,-0.00019099998462,100
,,,-0.0001907999831,100
,,,-0.00019059998158,102
,,,-0.00019039999461,102
,,,-0.00019019999309,100
,,,-0.00018999999156,100
,,,-0.00018979999004,100
,,,-0.00018959998852,102
,,,-0.00018939998699,100
,,,-0.00018919998547,102
,,,-0.00018899998395,102
,,,-0.00018879998242,100
,,,-0.00018859999545,98
,,,-0.00018839999393,100
,,,-0.00018819999241,98
,,,-0.00018799999089,100
,,,-0.00018779998936,98
,,,-0.00018759998784,98
,,,-0.00018739998632,96
,,,-0.00018719998479,98
,,,-0.00018699998327,98
,,,-0.00018679998175,96
,,,-0.00018659999478,96
,,,-0.00018639999325,96
,,,-0.00018619999173,98
,,,-0.00018599999021,98
,,,-0.00018579998869,98
,,,-0.00018559998716,96
,,,-0.00018539998564,96
,,,-0.00018519998412,96
,,,-0.00018499998259,96
,,,-0.00018479999562,96
,,,-0.0001845999941,94
,,,-0.00018439999258,94
,,,-0.00018419999105,96
,,,-0.00018399998953,94
,,,-0.00018379998801,94
,,,-0.00018359998649,92
,,,-0.00018339998496,92
,,,-0.00018319998344,92
,,,-0.00018299998192,92
,,,-0.00018279999495,92
,,,-0.00018259999342,92
,,,-0.0001823999919,92
,,,-0.00018219999038,90
,,,-0.00018199998885,88
,,,-0.00018179998733,90
,,,-0.00018159998581,90
,,,-0.00018139998429,90
,,,-0.00018119998276,88
,,,-0.00018099998124,88
,,,-0.00018079999427,88
,,,-0.00018059999275,88
,,,-0.00018039999122,88
,,,-0.0001801999897,88
,,,-0.00017999998818,84
,,,-0.00017979998665,88
,,,-0.00017959998513,86
,,,-0.00017939998361,86
,,,-0.00017919998209,86
,,,-0.00017899999511,86
,,,-0.00017879999359,84
,,,-0.00017859999207,84
,,,-0.00017839999055,84
,,,-0.00017819998902,84
,,,-0.0001779999875,84
,,,-0.00017779998598,82
,,,-0.00017759998445,84
,,,-0.00017739998293,82
,,,-0.00017719998141,84
,,,-0.00017699999444,82
,,,-0.00017679999291,80
,,,-0.00017659999139,82
,,,-0.00017639998987,80
,,,-0.00017619998835,80
,,,-0.00017599998682,80
,,,-0.0001757999853,80
,,,-0.00017559998378,82
,,,-0.00017539998225,78
,,,-0.00017519999528,78
,,,-0.00017499999376,80
,,,-0.00017479999224,80
,,,-0.00017459999071,80
,,,-0.00017439998919,78
,,,-0.00017419998767,80
,,,-0.00017399998615,78
,,,-0.00017379998462,76
,,,-0.0001735999831,74
,,,-0.00017339998158,74
,,,-0.00017319999461,74
,,,-0.00017299999308,76
,,,-0.00017279999156,74
,,,-0.00017259999004,74
,,,-0.00017239998851,74
,,,-0.00017219998699,74
,,,-0.00017199998547,72
,,,-0.00017179998395,72
,,,-0.00017159998242,72
,,,-0.00017139999545,70
,,,-0.00017119999393,74
,,,-0.00017099999241,68
,,,-0.00017079999088,72
,,,-0.00017059998936,68
,,,-0.00017039998784,70
,,,-0.00017019998631,70
,,,-0.00016999998479,70
,,,-0.00016979998327,70
,,,-0.00016959998175,70
,,,-0.00016939999477,70
,,,-0.00016919999325,68
,,,-0.00016899999173,68
,,,-0.00016879999021,64
,,,-0.00016859998868,66
,,,-0.00016839998716,66
,,,-0.00016819998564,66
,,,-0.00016799998411,66
,,,-0.00016779998259,64
,,,-0.00016759999562,62
,,,-0.0001673999941,62
,,,-0.00016719999257,62
,,,-0.00016699999105,64
,,,-0.00016679998953,62
,,,-0.00016659998801,60
,,,-0.00016639998648,60
,,,-0.00016619998496,60
,,,-0.00016599998344,62
,,,-0.00016579998191,60
,,,-0.00016559999494,60
,,,-0.00016539999342,60
,,,-0.0001651999919,60
,,,-0.00016499999037,58
,,,-0.00016479998885,58
,,,-0.00016459998733,56
,,,-0.00016439998581,56
,,,-0.00016419998428,56
,,,-0.00016399998276,56
,,,-0.00016379998124,56
,,,-0.00016359999427,56
,,,-0.00016339999274,56
,,,-0.00016319999122,54
,,,-0.0001629999897,54
,,,-0.00016279998817,54
,,,-0.00016259998665,52
,,,-0.00016239998513,52
,,,-0.00016219998361,50
,,,-0.00016199998208,52
,,,-0.00016179999511,50
,,,-0.00016159999359,52
,,,-0.00016139999207,48
,,,-0.00016119999054,52
,,,-0.00016099998902,52
,,,-0.0001607999875,50
,,,-0.00016059998597,48
,,,-0.00016039998445,48
,,,-0.00016019998293,46
,,,-0.00015999998141,48
,,,-0.00015979999444,50
,,,-0.00015959999291,48
,,,-0.00015939999139,46
,,,-0.00015919998987,46
,,,-0.00015899998834,44
,,,-0.00015879998682,44
,,,-0.0001585999853,44
,,,-0.00015839998377,42
,,,-0.00015819998225,44
,,,-0.00015799999528,44
,,,-0.00015779999376,42
,,,-0.00015759999224,42
,,,-0.00015739999071,44
,,,-0.00015719998919,40
,,,-0.00015699998767,44
,,,-0.00015679998614,40
,,,-0.00015659998462,42
,,,-0.0001563999831,42
,,,-0.00015619998157,40
,,,-0.0001559999946,40
,,,-0.00015579999308,40
,,,-0.00015559999156,38
,,,-0.00015539999004,38
,,,-0.00015519998851,38
,,,-0.00015499998699,36
,,,-0.00015479998547,38
,,,-0.00015459998394,36
,,,-0.00015439998242,34
,,,-0.00015419999545,36
,,,-0.00015399999393,36
,,,-0.0001537999924,32
,,,-0.00015359999088,34
,,,-0.00015339998936,32
,,,-0.00015319998784,32
,,,-0.00015299998631,32
,,,-0.00015279998479,32
,,,-0.00015259998327,32
,,,-0.00015239998174,32
,,,-0.00015219999477,30
,,,-0.00015199999325,32
,,,-0.00015179999173,30
,,,-0.0001515999902,30
,,,-0.00015139998868,28
,,,-0.00015119998716,28
,,,-0.00015099998564,28
,,,-0.00015079998411,30
,,,-0.00015059998259,28
,,,-0.00015039998107,28
,,,-0.0001501999941,26
,,,-0.00014999999257,28
,,,-0.00014979999105,26
,,,-0.00014959998953,24
,,,-0.000149399988,26
,,,-0.00014919998648,24
,,,-0.00014899998496,24
,,,-0.00014879998344,22
,,,-0.00014859998191,24
,,,-0.0001483999949,22
,,,-0.0001481999934,20
,,,-0.0001479999919,22
,,,-0.0001477999904,20
,,,-0.0001475999888,20
,,,-0.0001473999873,20
,,,-0.0001471999858,20
,,,-0.0001469999843,20
,,,-0.0001467999828,18
,,,-0.0001465999812,16
,,,-0.0001463999943,20
,,,-0.0001461999927,18
,,,-0.0001459999912,16
,,,-0.0001457999897,18
,,,-0.0001455999882,16
,,,-0.0001453999866,16
,,,-0.0001451999851,16
,,,-0.0001449999836,16
,,,-0.0001447999821,16
,,,-0.0001445999951,14
,,,-0.0001443999936,12
,,,-0.0001441999921,14
,,,-0.0001439999905,12
,,,-0.000143799989,10
,,,-0.0001435999875,14
,,,-0.000143399986,10
,,,-0.0001431999844,12
,,,-0.0001429999829,10
,,,-0.0001427999814,12
,,,-0.0001425999944,10
,,,-0.0001423999929,8
,,,-0.0001421999914,8
,,,-0.0001419999899,8
,,,-0.0001417999883,6
,,,-0.0001415999868,6
,,,-0.0001413999853,8
,,,-0.0001411999838,8
,,,-0.0001409999822,6
,,,-0.0001407999953,4
,,,-0.0001405999938,6
,,,-0.0001403999922,4
,,,-0.0001401999907,4
,,,-0.0001399999892,4
,,,-0.0001397999877,4
,,,-0.0001395999861,4
,,,-0.0001393999846,4
,,,-0.0001391999831,2
,,,-0.0001389999816,0
,,,-0.0001387999946,0
,,,-0.0001385999931,0
,,,-0.0001383999916,0
,,,-0.00013819999,0
,,,-0.0001379999885,0
,,,-0.000137799987,0
,,,-0.0001375999855,-2
,,,-0.0001373999839,-2
,,,-0.0001371999824,-4
,,,-0.0001369999809,-4
,,,-0.0001367999939,-4
,,,-0.0001365999924,-4
,,,-0.0001363999909,-4
,,,-0.0001361999894,-6
,,,-0.0001359999878,-6
,,,-0.0001357999863,-6
,,,-0.0001355999848,-10
,,,-0.0001353999833,-6
,,,-0.0001351999817,-8
,,,-0.0001349999948,-6
,,,-0.0001347999932,-10
,,,-0.0001345999917,-10
,,,-0.0001343999902,-8
,,,-0.0001341999887,-10
,,,-0.0001339999872,-10
,,,-0.0001337999856,-10
,,,-0.0001335999841,-10
,,,-0.0001333999826,-10
,,,-0.0001331999811,-12
,,,-0.0001329999941,-10
,,,-0.0001327999926,-12
,,,-0.000132599991,-12
,,,-0.0001323999895,-12
,,,-0.000132199988,-12
,,,-0.0001319999865,-14
,,,-0.000131799985,-14
,,,-0.0001315999834,-14
,,,-0.0001313999819,-16
,,,-0.0001311999949,-14
,,,-0.0001309999934,-16
,,,-0.0001307999919,-16
,,,-0.0001305999904,-18
,,,-0.0001303999888,-16
,,,-0.0001301999873,-16
,,,-0.0001299999858,-20
,,,-0.0001297999843,-18
,,,-0.0001295999828,-18
,,,-0.0001293999812,-18
,,,-0.0001291999943,-20
,,,-0.0001289999927,-20
,,,-0.0001287999912,-22
,,,-0.0001285999897,-22
,,,-0.0001283999882,-22
,,,-0.0001281999866,-22
,,,-0.0001279999851,-24
,,,-0.0001277999836,-22
,,,-0.0001275999821,-24
,,,-0.0001273999951,-26
,,,-0.0001271999936,-22
,,,-0.0001269999921,-28
,,,-0.0001267999905,-26
,,,-0.000126599989,-26
,,,-0.0001263999875,-26
,,,-0.000126199986,-28
,,,-0.0001259999844,-26
,,,-0.0001257999829,-28
,,,-0.0001255999814,-28
,,,-0.0001253999944,-28
,,,-0.0001251999929,-28
,,,-0.0001249999914,-30
,,,-0.0001247999899,-32
,,,-0.0001245999883,-32
,,,-0.0001243999868,-32
,,,-0.0001241999853,-32
,,,-0.0001239999838,-32
,,,-0.0001237999822,-34
,,,-0.0001235999807,-34
,,,-0.0001233999938,-34
,,,-0.0001231999922,-34
,,,-0.0001229999907,-36
,,,-0.0001227999892,-36
,,,-0.0001225999877,-36
,,,-0.0001223999861,-36
,,,-0.0001221999846,-38
,,,-0.0001219999904,-40
,,,-0.0001217999888,-38
,,,-0.0001215999873,-40
,,,-0.0001213999858,-38
,,,-0.0001211999843,-40
,,,-0.00012099999,-42
,,,-0.0001207999885,-40
,,,-0.000120599987,-42
,,,-0.0001203999855,-40
,,,-0.0001201999912,-42
,,,-0.0001199999897,-42
,,,-0.0001197999882,-44
,,,-0.0001195999866,-44
,,,-0.0001193999851,-44
,,,-0.0001191999909,-44
,,,-0.0001189999894,-44
,,,-0.0001187999878,-46
,,,-0.0001185999863,-46
,,,-0.0001183999848,-46
,,,-0.0001181999905,-46
,,,-0.000117999989,-48
,,,-0.0001177999875,-48
,,,-0.000117599986,-48
,,,-0.0001173999844,-48
,,,-0.0001171999902,-50
,,,-0.0001169999887,-50
,,,-0.0001167999872,-50
,,,-0.0001165999856,-50
,,,-0.0001163999841,-52
,,,-0.0001161999899,-50
,,,-0.0001159999883,-52
,,,-0.0001157999868,-52
,,,-0.0001155999853,-50
,,,-0.000115399991,-52
,,,-0.0001151999895,-54
,,,-0.000114999988,-56
,,,-0.0001147999865,-54
,,,-0.000114599985,-54
,,,-0.0001143999907,-56
,,,-0.0001141999892,-54
,,,-0.0001139999877,-58
,,,-0.0001137999861,-58
,,,-0.0001135999846,-60
,,,-0.0001133999904,-60
,,,-0.0001131999888,-58
,,,-0.0001129999873,-58
,,,-0.0001127999858,-60
,,,-0.0001125999843,-60
,,,-0.00011239999,-62
,,,-0.0001121999885,-62
,,,-0.000111999987,-64
,,,-0.0001117999855,-62
,,,-0.0001115999912,-62
,,,-0.0001113999897,-64
,,,-0.0001111999882,-62
,,,-0.0001109999866,-64
,,,-0.0001107999851,-66
,,,-0.0001105999909,-64
,,,-0.0001103999894,-66
,,,-0.0001101999878,-68
,,,-0.0001099999863,-66
,,,-0.0001097999848,-68
,,,-0.0001095999905,-66
,,,-0.000109399989,-70
,,,-0.0001091999875,-68
,,,-0.000108999986,-70
,,,-0.0001087999844,-72
,,,-0.0001085999902,-70
,,,-0.0001083999887,-72
,,,-0.0001081999872,-70
,,,-0.0001079999856,-72
,,,-0.0001077999841,-72
,,,-0.0001075999899,-74
,,,-0.0001073999883,-72
,,,-0.0001071999868,-74
,,,-0.0001069999853,-74
,,,-0.000106799991,-76
,,,-0.0001065999895,-74
,,,-0.000106399988,-76
,,,-0.0001061999865,-76
,,,-0.000105999985,-76
,,,-0.0001057999907,-78
,,,-0.0001055999892,-76
,,,-0.0001053999877,-78
,,,-0.0001051999861,-80
,,,-0.0001049999846,-80
,,,-0.0001047999904,-78
,,,-0.0001045999888,-80
,,,-0.0001043999873,-82
,,,-0.0001041999858,-84
,,,-0.0001039999843,-84
,,,-0.00010379999,-84
,,,-0.0001035999885,-84
,,,-0.000103399987,-82
,,,-0.0001031999855,-84
,,,-0.0001029999912,-84
,,,-0.0001027999897,-86
,,,-0.0001025999882,-86
,,,-0.0001023999866,-86
,,,-0.0001021999851,-88
,,,-0.0001019999909,-86
,,,-0.0001017999894,-88
,,,-0.0001015999878,-88
,,,-0.0001013999863,-90
,,,-0.0001011999848,-90
,,,-0.0001009999905,-88
,,,-0.000100799989,-90
,,,-0.0001005999875,-92
,,,-0.000100399986,-90
,,,-0.0001001999844,-92
,,,-9.9999990198E-05,-92
,,,-9.9799988675E-05,-92
,,,-9.9599987152E-05,-92
,,,-9.9399985629E-05,-94
,,,-9.9199984106E-05,-92
,,,-9.8999989859E-05,-94
,,,-9.8799988336E-05,-96
,,,-9.8599986813E-05,-94
,,,-9.8399985291E-05,-96
,,,-9.8199991044E-05,-98
,,,-9.7999989521E-05,-98
,,,-9.7799987998E-05,-96
,,,-9.7599986475E-05,-98
,,,-9.7399984952E-05,-100
,,,-9.7199990705E-05,-98
,,,-9.6999989182E-05,-100
,,,-9.6799987659E-05,-100
,,,-9.6599986136E-05,-100
,,,-9.6399984614E-05,-100
,,,-9.6199990367E-05,-100
,,,-9.5999988844E-05,-102
,,,-9.5799987321E-05,-102
,,,-9.5599985798E-05,-102
,,,-9.5399984275E-05,-102
,,,-9.5199990028E-05,-104
,,,-9.4999988505E-05,-104
,,,-9.4799986982E-05,-104
,,,-9.4599985459E-05,-104
,,,-9.4399983936E-05,-104
,,,-9.419998969E-05,-104
,,,-9.3999988167E-05,-108
,,,-9.3799986644E-05,-106
,,,-9.3599985121E-05,-108
,,,-9.3399990874E-05,-106
,,,-9.3199989351E-05,-106
,,,-9.2999987828E-05,-106
,,,-9.2799986305E-05,-108
,,,-9.2599984782E-05,-108
,,,-9.2399990535E-05,-108
,,,-9.2199989012E-05,-110
,,,-9.199998749E-05,-110
,,,-9.1799985967E-05,-112
,,,-9.1599984444E-05,-110
,,,-9.1399990197E-05,-112
,,,-9.1199988674E-05,-114
,,,-9.0999987151E-05,-114
,,,-9.0799985628E-05,-112
,,,-9.0599984105E-05,-112
,,,-9.0399989858E-05,-114
,,,-9.0199988335E-05,-114
,,,-8.9999986812E-05,-116
,,,-8.979998529E-05,-114
,,,-8.9599991043E-05,-116
,,,-8.939998952E-05,-116
,,,-8.9199987997E-05,-116
,,,-8.8999986474E-05,-116
,,,-8.8799984951E-05,-116
,,,-8.8599990704E-05,-118
,,,-8.8399989181E-05,-120
,,,-8.8199987658E-05,-118
,,,-8.7999986135E-05,-120
,,,-8.7799984613E-05,-118
,,,-8.7599990366E-05,-120
,,,-8.7399988843E-05,-118
,,,-8.719998732E-05,-120
,,,-8.6999985797E-05,-122
,,,-8.6799984274E-05,-122
,,,-8.6599990027E-05,-122
,,,-8.6399988504E-05,-122
,,,-8.6199986981E-05,-120
,,,-8.5999985458E-05,-122
,,,-8.5799983935E-05,-124
,,,-8.5599989688E-05,-122
,,,-8.5399988166E-05,-124
,,,-8.5199986643E-05,-124
,,,-8.499998512E-05,-126
,,,-8.4799990873E-05,-124
,,,-8.459998935E-05,-128
,,,-8.4399987827E-05,-126
,,,-8.4199986304E-05,-126
,,,-8.3999984781E-05,-126
,,,-8.3799990534E-05,-128
,,,-8.3599989011E-05,-126
,,,-8.3399987489E-05,-128
,,,-8.3199985966E-05,-126
,,,-8.2999984443E-05,-126
,,,-8.2799990196E-05,-128
,,,-8.2599988673E-05,-128
,,,-8.239998715E-05,-130
,,,-8.2199985627E-05,-128
,,,-8.1999984104E-05,-130
,,,-8.1799989857E-05,-130
,,,-8.1599988334E-05,-132
,,,-8.1399986811E-05,-132
,,,-8.1199985289E-05,-132
,,,-8.0999983766E-05,-128
,,,-8.0799989519E-05,-132
,,,-8.0599987996E-05,-134
,,,-8.0399986473E-05,-132
,,,-8.019998495E-05,-132
,,,-7.9999990703E-05,-132
,,,-7.979998918E-05,-132
,,,-7.9599987657E-05,-132
,,,-7.9399986134E-05,-132
,,,-7.9199984611E-05,-134
,,,-7.8999990365E-05,-134
,,,-7.8799988842E-05,-134
,,,-7.8599987319E-05,-136
,,,-7.8399985796E-05,-134
,,,-7.8199984273E-05,-134
,,,-7.7999990026E-05,-134
,,,-7.7799988503E-05,-132
,,,-7.759998698E-05,-136
,,,-7.7399985457E-05,-134
,,,-7.7199983934E-05,-134
,,,-7.6999989687E-05,-136
,,,-7.6799988165E-05,-134
,,,-7.6599986642E-05,-134
,,,-7.6399985119E-05,-134
,,,-7.6199990872E-05,-134
,,,-7.5999989349E-05,-132
,,,-7.5799987826E-05,-136
,,,-7.5599986303E-05,-134
,,,-7.539998478E-05,-134
,,,-7.5199990533E-05,-136
,,,-7.499998901E-05,-134
,,,-7.4799987487E-05,-134
,,,-7.4599985965E-05,-136
,,,-7.4399984442E-05,-136
,,,-7.4199990195E-05,-134
,,,-7.3999988672E-05,-134
,,,-7.3799987149E-05,-134
,,,-7.3599985626E-05,-134
,,,-7.3399984103E-05,-134
,,,-7.3199989856E-05,-134
,,,-7.2999988333E-05,-134
,,,-7.279998681E-05,-134
,,,-7.2599985288E-05,-134
,,,-7.2399983765E-05,-134
,,,-7.2199989518E-05,-134
,,,-7.1999987995E-05,-136
,,,-7.1799986472E-05,-134
,,,-7.1599984949E-05,-136
,,,-7.1399990702E-05,-136
,,,-7.1199989179E-05,-136
,,,-7.0999987656E-05,-134
,,,-7.0799986133E-05,-134
,,,-7.059998461E-05,-134
,,,-7.0399990364E-05,-132
,,,-7.0199988841E-05,-134
,,,-6.9999987318E-05,-134
,,,-6.9799985795E-05,-136
,,,-6.9599984272E-05,-136
,,,-6.9399990025E-05,-136
,,,-6.9199988502E-05,-136
,,,-6.8999986979E-05,-134
,,,-6.8799985456E-05,-134
,,,-6.8599983933E-05,-134
,,,-6.8399989686E-05,-134
,,,-6.8199988164E-05,-134
,,,-6.7999986641E-05,-134
,,,-6.7799985118E-05,-136
,,,-6.7599983595E-05,-134
,,,-6.7399989348E-05,-134
,,,-6.7199987825E-05,-134
,,,-6.6999986302E-05,-134
,,,-6.6799984779E-05,-132
,,,-6.6599990532E-05,-132
,,,-6.6399989009E-05,-132
,,,-6.6199987486E-05,-134
,,,-6.5999985964E-05,-132
,,,-6.5799984441E-05,-130
,,,-6.5599990194E-05,-132
,,,-6.5399988671E-05,-132
,,,-6.5199987148E-05,-134
,,,-6.4999985625E-05,-132
,,,-6.4799984102E-05,-132
,,,-6.4599989855E-05,-132
,,,-6.4399988332E-05,-132
,,,-6.4199986809E-05,-132
,,,-6.3999985287E-05,-132
,,,-6.3799983764E-05,-132
,,,-6.3599989517E-05,-130
,,,-6.3399987994E-05,-130
,,,-6.3199986471E-05,-130
,,,-6.2999984948E-05,-130
,,,-6.2799990701E-05,-130
,,,-6.2599989178E-05,-130
,,,-6.2399987655E-05,-130
,,,-6.2199986132E-05,-130
,,,-6.1999984609E-05,-130
,,,-6.1799990362E-05,-132
,,,-6.159998884E-05,-132
,,,-6.1399987317E-05,-130
,,,-6.1199985794E-05,-128
,,,-6.0999987909E-05,-128
,,,-6.0799986386E-05,-128
,,,-6.0599988501E-05,-130
,,,-6.0399986978E-05,-128
,,,-6.0199985455E-05,-130
,,,-5.999998757E-05,-128
,,,-5.9799986047E-05,-128
,,,-5.9599988163E-05,-128
,,,-5.939998664E-05,-128
,,,-5.9199988755E-05,-128
,,,-5.8999987232E-05,-126
,,,-5.8799985709E-05,-128
,,,-5.8599987824E-05,-128
,,,-5.8399986301E-05,-126
,,,-5.8199988416E-05,-128
,,,-5.7999986893E-05,-126
,,,-5.779998537E-05,-126
,,,-5.7599987485E-05,-126
,,,-5.7399985963E-05,-126
,,,-5.7199988078E-05,-130
,,,-5.6999986555E-05,-126
,,,-5.679998867E-05,-126
,,,-5.6599987147E-05,-126
,,,-5.6399985624E-05,-126
,,,-5.6199987739E-05,-124
,,,-5.5999986216E-05,-124
,,,-5.5799988331E-05,-124
,,,-5.5599986808E-05,-126
,,,-5.5399985285E-05,-122
,,,-5.5199987401E-05,-124
,,,-5.4999985878E-05,-124
,,,-5.4799987993E-05,-122
,,,-5.459998647E-05,-126
,,,-5.439998858E-05,-122
,,,-5.419998706E-05,-124
,,,-5.399998554E-05,-124
,,,-5.379998765E-05,-122
,,,-5.359998613E-05,-120
,,,-5.339998825E-05,-122
,,,-5.319998672E-05,-122
,,,-5.29999852E-05,-120
,,,-5.279998732E-05,-122
,,,-5.259998579E-05,-122
,,,-5.239998791E-05,-122
,,,-5.219998638E-05,-122
,,,-5.19999885E-05,-122
,,,-5.179998698E-05,-120
,,,-5.159998545E-05,-118
,,,-5.139998757E-05,-120
,,,-5.119998605E-05,-120
,,,-5.099998816E-05,-118
,,,-5.079998664E-05,-118
,,,-5.059998875E-05,-118
,,,-5.039998723E-05,-118
,,,-5.019998571E-05,-118
,,,-4.999998782E-05,-118
,,,-4.97999863E-05,-118
,,,-4.959998842E-05,-116
,,,-4.939998689E-05,-116
,,,-4.919998537E-05,-116
,,,-4.899998748E-05,-116
,,,-4.879998596E-05,-118
,,,-4.859998808E-05,-114
,,,-4.839998655E-05,-116
,,,-4.819998867E-05,-116
,,,-4.799998715E-05,-114
,,,-4.779998562E-05,-114
,,,-4.759998774E-05,-114
,,,-4.739998622E-05,-112
,,,-4.719998833E-05,-112
,,,-4.699998681E-05,-112
,,,-4.679998528E-05,-112
,,,-4.65999874E-05,-112
,,,-4.639998588E-05,-110
,,,-4.619998799E-05,-110
,,,-4.599998647E-05,-108
,,,-4.579998858E-05,-110
,,,-4.559998706E-05,-110
,,,-4.539998554E-05,-110
,,,-4.519998765E-05,-108
,,,-4.499998613E-05,-108
,,,-4.479998825E-05,-108
,,,-4.459998672E-05,-108
,,,-4.43999852E-05,-108
,,,-4.419998731E-05,-106
,,,-4.399998579E-05,-106
,,,-4.379998791E-05,-108
,,,-4.359998638E-05,-104
,,,-4.33999885E-05,-104
,,,-4.319998698E-05,-104
,,,-4.299998545E-05,-102
,,,-4.279998757E-05,-104
,,,-4.259998605E-05,-104
,,,-4.239998816E-05,-102
,,,-4.219998664E-05,-102
,,,-4.199998511E-05,-104
,,,-4.179998723E-05,-102
,,,-4.159998571E-05,-100
,,,-4.139998782E-05,-102
,,,-4.11999863E-05,-102
,,,-4.099998841E-05,-98
,,,-4.079998689E-05,-98
,,,-4.059998537E-05,-100
,,,-4.039998748E-05,-96
,,,-4.019998596E-05,-96
,,,-3.999998808E-05,-96
,,,-3.979998655E-05,-98
,,,-3.959998867E-05,-96
,,,-3.939998714E-05,-96
,,,-3.919998562E-05,-94
,,,-3.899998774E-05,-94
,,,-3.879998621E-05,-94
,,,-3.859998833E-05,-94
,,,-3.839998681E-05,-94
,,,-3.819998528E-05,-92
,,,-3.79999874E-05,-92
,,,-3.779998588E-05,-92
,,,-3.759998799E-05,-92
,,,-3.739998647E-05,-90
,,,-3.719998858E-05,-90
,,,-3.699998706E-05,-88
,,,-3.679998554E-05,-88
,,,-3.659998765E-05,-90
,,,-3.639998613E-05,-90
,,,-3.619998824E-05,-88
,,,-3.599998672E-05,-88
,,,-3.57999852E-05,-88
,,,-3.559998731E-05,-86
,,,-3.539998579E-05,-84
,,,-3.519998791E-05,-86
,,,-3.499998638E-05,-86
,,,-3.47999885E-05,-84
,,,-3.459998698E-05,-84
,,,-3.439998545E-05,-82
,,,-3.419998757E-05,-84
,,,-3.399998604E-05,-82
,,,-3.379998816E-05,-80
,,,-3.359998664E-05,-82
,,,-3.339998511E-05,-82
,,,-3.319998723E-05,-80
,,,-3.299998571E-05,-80
,,,-3.279998782E-05,-82
,,,-3.25999863E-05,-78
,,,-3.239998841E-05,-78
,,,-3.219998689E-05,-78
,,,-3.199998537E-05,-78
,,,-3.179998748E-05,-78
,,,-3.159998596E-05,-76
,,,-3.139998807E-05,-78
,,,-3.119998655E-05,-74
,,,-3.099998503E-05,-74
,,,-3.079998714E-05,-74
,,,-3.059998562E-05,-74
,,,-3.039998592E-05,-72
,,,-3.019998621E-05,-72
,,,-2.999998651E-05,-72
,,,-2.979998681E-05,-72
,,,-2.95999871E-05,-70
,,,-2.93999874E-05,-68
,,,-2.919998587E-05,-68
,,,-2.899998617E-05,-68
,,,-2.879998647E-05,-68
,,,-2.859998676E-05,-68
,,,-2.839998706E-05,-66
,,,-2.819998736E-05,-66
,,,-2.799998583E-05,-66
,,,-2.779998613E-05,-68
,,,-2.759998642E-05,-66
,,,-2.739998672E-05,-66
,,,-2.719998702E-05,-64
,,,-2.699998731E-05,-64
,,,-2.679998579E-05,-64
,,,-2.659998609E-05,-62
,,,-2.639998638E-05,-62
,,,-2.619998668E-05,-60
,,,-2.599998697E-05,-62
,,,-2.579998727E-05,-64
,,,-2.559998757E-05,-62
,,,-2.539998604E-05,-58
,,,-2.519998634E-05,-58
,,,-2.499998664E-05,-58
,,,-2.479998693E-05,-58
,,,-2.459998723E-05,-58
,,,-2.439998752E-05,-58
,,,-2.4199986E-05,-56
,,,-2.39999863E-05,-56
,,,-2.379998659E-05,-54
,,,-2.359998689E-05,-56
,,,-2.339998719E-05,-52
,,,-2.319998748E-05,-54
,,,-2.299998596E-05,-52
,,,-2.279998625E-05,-52
,,,-2.259998655E-05,-54
,,,-2.239998685E-05,-52
,,,-2.219998714E-05,-50
,,,-2.199998744E-05,-50
,,,-2.179998592E-05,-48
,,,-2.159998621E-05,-50
,,,-2.139998651E-05,-50
,,,-2.11999868E-05,-46
,,,-2.09999871E-05,-46
,,,-2.07999874E-05,-46
,,,-2.059998587E-05,-46
,,,-2.039998617E-05,-46
,,,-2.019998647E-05,-46
,,,-1.99999868E-05,-46
,,,-1.97999871E-05,-46
,,,-1.95999874E-05,-44
,,,-1.93999858E-05,-40
,,,-1.91999861E-05,-44
,,,-1.89999864E-05,-44
,,,-1.87999867E-05,-40
,,,-1.8599987E-05,-40
,,,-1.83999873E-05,-40
,,,-1.81999858E-05,-38
,,,-1.79999861E-05,-38
,,,-1.77999864E-05,-38
,,,-1.75999867E-05,-38
,,,-1.7399987E-05,-36
,,,-1.71999873E-05,-36
,,,-1.69999857E-05,-34
,,,-1.6799986E-05,-36
,,,-1.65999863E-05,-34
,,,-1.63999866E-05,-34
,,,-1.61999869E-05,-34
,,,-1.59999872E-05,-34
,,,-1.57999857E-05,-34
,,,-1.5599986E-05,-32
,,,-1.53999863E-05,-32
,,,-1.51999866E-05,-32
,,,-1.49999869E-05,-30
,,,-1.47999863E-05,-30
,,,-1.45999866E-05,-30
,,,-1.43999869E-05,-30
,,,-1.41999863E-05,-28
,,,-1.39999865E-05,-26
,,,-1.37999868E-05,-28
,,,-1.35999862E-05,-28
,,,-1.33999865E-05,-28
,,,-1.31999868E-05,-26
,,,-1.29999862E-05,-26
,,,-1.27999865E-05,-24
,,,-1.25999868E-05,-22
,,,-1.23999862E-05,-24
,,,-1.21999865E-05,-24
,,,-1.19999868E-05,-24
,,,-1.17999862E-05,-22
,,,-1.15999865E-05,-22
,,,-1.13999868E-05,-20
,,,-1.11999861E-05,-20
,,,-1.09999864E-05,-18
,,,-1.07999867E-05,-20
,,,-1.05999861E-05,-20
,,,-1.03999864E-05,-18
,,,-1.01999867E-05,-18
,,,-9.999986105E-06,-18
,,,-9.799986401E-06,-16
,,,-9.599986697E-06,-16
,,,-9.399986084E-06,-16
,,,-9.19998638E-06,-16
,,,-8.999986676E-06,-16
,,,-8.799986063E-06,-16
,,,-8.599986359E-06,-14
,,,-8.399986655E-06,-12
,,,-8.199986041E-06,-12
,,,-7.999986337E-06,-12
,,,-7.799986633E-06,-10
,,,-7.599986475E-06,-12
,,,-7.399986316E-06,-10
,,,-7.19998661E-06,-12
,,,-6.99998645E-06,-10
,,,-6.79998629E-06,-8
,,,-6.59998659E-06,-8
,,,-6.39998643E-06,-8
,,,-6.19998627E-06,-8
,,,-5.99998657E-06,-8
,,,-5.79998641E-06,-6
,,,-5.59998625E-06,-6
,,,-5.39998655E-06,-4
,,,-5.19998639E-06,-6
,,,-4.99998623E-06,-4
,,,-4.79998653E-06,-2
,,,-4.59998637E-06,-4
,,,-4.39998621E-06,-2
,,,-4.19998651E-06,-2
,,,-3.99998635E-06,-2
,,,-3.79998642E-06,-2
,,,-3.59998648E-06,0
,,,-3.39998633E-06,0
,,,-3.19998639E-06,0
,,,-2.99998646E-06,2
,,,-2.79998631E-06,4
,,,-2.5999864E-06,4
,,,-2.3999864E-06,2
,,,-2.1999865E-06,2
,,,-1.9999864E-06,2
,,,-1.7999864E-06,4
,,,-1.5999864E-06,6
,,,-1.3999864E-06,6
,,,-1.1999864E-06,8
,,,-9.99986355055E-07,6
,,,-7.99986423772E-07,10
,,,-5.99986378802E-07,6
,,,-3.9998639068E-07,10
,,,-1.9998638834E-07,10
,,,1.36139988E-11,8
,,,2.0001361634E-07,8
,,,4.0001361867E-07,12
,,,6.000136068E-07,10
,,,8.00013594926E-07,10
,,,1.0000136E-06,12
,,,1.2000137E-06,12
,,,1.4000136E-06,12
,,,1.6000137E-06,12
,,,1.8000136E-06,12
,,,2.0000136E-06,14
,,,2.2000136E-06,12
,,,2.4000137E-06,16
,,,2.6000137E-06,14
,,,2.80001359E-06,16
,,,3.00001375E-06,16
,,,3.20001368E-06,18
,,,3.40001361E-06,18
,,,3.60001377E-06,18
,,,3.8000137E-06,18
,,,4.00001363E-06,18
,,,4.20001379E-06,20
,,,4.40001349E-06,20
,,,4.60001365E-06,22
,,,4.80001381E-06,20
,,,5.00001352E-06,22
,,,5.20001367E-06,22
,,,5.40001383E-06,22
,,,5.60001354E-06,24
,,,5.8000137E-06,24
,,,6.00001385E-06,24
,,,6.20001356E-06,24
,,,6.40001372E-06,26
,,,6.60001388E-06,26
,,,6.80001358E-06,24
,,,7.00001374E-06,28
,,,7.2000139E-06,28
,,,7.400013601E-06,28
,,,7.60001376E-06,28
,,,7.800013918E-06,28
,,,8.000013622E-06,30
,,,8.200013326E-06,30
,,,8.40001394E-06,32
,,,8.600013643E-06,32
,,,8.800013347E-06,32
,,,9.000013961E-06,32
,,,9.200013665E-06,34
,,,9.400013369E-06,32
,,,9.600013982E-06,34
,,,9.800013686E-06,36
,,,1.00000134E-05,36
,,,1.0200014E-05,36
,,,1.04000137E-05,36
,,,1.06000134E-05,38
,,,1.0800014E-05,38
,,,1.10000137E-05,36
,,,1.12000134E-05,38
,,,1.1400014E-05,40
,,,1.16000137E-05,38
,,,1.18000135E-05,40
,,,1.20000141E-05,40
,,,1.22000138E-05,42
,,,1.24000135E-05,44
,,,1.26000141E-05,42
,,,1.28000138E-05,42
,,,1.30000135E-05,44
,,,1.32000141E-05,44
,,,1.34000138E-05,44
,,,1.36000135E-05,44
,,,1.38000141E-05,44
,,,1.40000138E-05,46
,,,1.42000135E-05,46
,,,1.44000142E-05,48
,,,1.46000139E-05,48
,,,1.48000136E-05,48
,,,1.50000142E-05,50
,,,1.52000139E-05,50
,,,1.54000136E-05,50
,,,1.56000133E-05,50
,,,1.5800013E-05,50
,,,1.60000145E-05,50
,,,1.62000142E-05,52
,,,1.64000139E-05,52
,,,1.66000136E-05,54
,,,1.68000133E-05,52
,,,1.7000013E-05,56
,,,1.72000146E-05,54
,,,1.74000143E-05,54
,,,1.7600014E-05,56
,,,1.78000137E-05,58
,,,1.80000134E-05,56
,,,1.82000131E-05,58
,,,1.84000146E-05,60
,,,1.86000143E-05,60
,,,1.8800014E-05,58
,,,1.90000137E-05,60
,,,1.92000134E-05,60
,,,1.94000131E-05,62
,,,1.96000146E-05,62
,,,1.98000143E-05,62
,,,2.0000014E-05,64
,,,2.020001375E-05,62
,,,2.040001345E-05,64
,,,2.060001316E-05,62
,,,2.080001468E-05,66
,,,2.100001439E-05,64
,,,2.120001409E-05,68
,,,2.140001379E-05,68
,,,2.16000135E-05,66
,,,2.18000132E-05,66
,,,2.200001472E-05,68
,,,2.220001443E-05,70
,,,2.240001413E-05,72
,,,2.260001384E-05,68
,,,2.280001354E-05,70
,,,2.300001324E-05,72
,,,2.320001477E-05,72
,,,2.340001447E-05,76
,,,2.360001417E-05,76
,,,2.380001388E-05,74
,,,2.400001358E-05,74
,,,2.420001329E-05,74
,,,2.440001481E-05,76
,,,2.460001451E-05,76
,,,2.480001422E-05,78
,,,2.500001392E-05,78
,,,2.520001362E-05,76
,,,2.540001333E-05,80
,,,2.560001303E-05,80
,,,2.580001455E-05,80
,,,2.600001426E-05,80
,,,2.620001396E-05,82
,,,2.640001367E-05,82
,,,2.660001337E-05,80
,,,2.680001307E-05,82
,,,2.70000146E-05,84
,,,2.72000143E-05,84
,,,2.740001401E-05,84
,,,2.760001371E-05,84
,,,2.780001341E-05,86
,,,2.800001312E-05,88
,,,2.820001464E-05,88
,,,2.840001434E-05,88
,,,2.860001405E-05,90
,,,2.880001375E-05,88
,,,2.900001346E-05,90
,,,2.920001316E-05,88
,,,2.940001468E-05,90
,,,2.960001439E-05,92
,,,2.980001409E-05,92
,,,3.000001379E-05,92
,,,3.02000135E-05,92
,,,3.04000132E-05,94
,,,3.060001472E-05,94
,,,3.080001261E-05,94
,,,3.100001413E-05,94
,,,3.120001566E-05,98
,,,3.140001354E-05,94
,,,3.160001506E-05,96
,,,3.180001295E-05,98
,,,3.200001447E-05,100
,,,3.220001236E-05,98
,,,3.240001388E-05,98
,,,3.26000154E-05,98
,,,3.280001329E-05,100
,,,3.300001481E-05,102
,,,3.320001269E-05,102
,,,3.340001422E-05,104
,,,3.360001574E-05,102
,,,3.380001363E-05,102
,,,3.400001515E-05,104
,,,3.420001303E-05,102
,,,3.440001456E-05,106
,,,3.460001244E-05,104
,,,3.480001396E-05,106
,,,3.500001549E-05,106
,,,3.520001337E-05,108
,,,3.540001489E-05,108
,,,3.560001278E-05,108
,,,3.58000143E-05,108
,,,3.600001583E-05,110
,,,3.620001371E-05,110
,,,3.640001523E-05,110
,,,3.660001312E-05,110
,,,3.680001464E-05,112
,,,3.700001253E-05,114
,,,3.720001405E-05,110
,,,3.740001557E-05,112
,,,3.760001346E-05,114
,,,3.780001498E-05,112
,,,3.800001286E-05,116
,,,3.820001439E-05,114
,,,3.840001227E-05,114
,,,3.86000138E-05,116
,,,3.880001532E-05,116
,,,3.90000132E-05,116
,,,3.920001473E-05,114
,,,3.940001261E-05,116
,,,3.960001413E-05,116
,,,3.980001566E-05,118
,,,4.000001354E-05,118
,,,4.020001506E-05,118
,,,4.040001295E-05,116
,,,4.060001447E-05,118
,,,4.080001236E-05,118
,,,4.100001388E-05,118
,,,4.12000154E-05,118
,,,4.140001329E-05,118
,,,4.160001481E-05,118
,,,4.18000127E-05,120
,,,4.200001422E-05,122
,,,4.220001574E-05,122
,,,4.240001363E-05,120
,,,4.260001515E-05,118
,,,4.280001303E-05,122
,,,4.300001456E-05,122
,,,4.320001244E-05,122
,,,4.340001396E-05,122
,,,4.360001549E-05,122
,,,4.380001337E-05,122
,,,4.40000149E-05,120
,,,4.420001278E-05,120
,,,4.44000143E-05,122
,,,4.460001583E-05,122
,,,4.480001371E-05,122
,,,4.500001523E-05,120
,,,4.520001312E-05,124
,,,4.540001464E-05,122
,,,4.560001253E-05,120
,,,4.580001405E-05,122
,,,4.600001557E-05,122
,,,4.620001346E-05,122
,,,4.640001498E-05,120
,,,4.660001287E-05,122
,,,4.680001439E-05,122
,,,4.700001591E-05,124
,,,4.72000138E-05,126
,,,4.740001532E-05,124
,,,4.76000132E-05,122
,,,4.780001473E-05,124
,,,4.800001261E-05,124
,,,4.820001413E-05,122
,,,4.840001566E-05,124
,,,4.860001354E-05,124
,,,4.880001507E-05,124
,,,4.900001295E-05,124
,,,4.920001447E-05,126
,,,4.9400016E-05,126
,,,4.960001388E-05,124
,,,4.98000154E-05,124
,,,5.000001329E-05,124
,,,5.020001481E-05,124
,,,5.04000127E-05,124
,,,5.060001422E-05,122
,,,5.080001574E-05,124
,,,5.100001363E-05,124
,,,5.120001515E-05,124
,,,5.140001304E-05,124
,,,5.160001456E-05,124
,,,5.180001244E-05,126
,,,5.200001397E-05,124
,,,5.220001549E-05,124
,,,5.240001337E-05,124
,,,5.26000149E-05,124
,,,5.280001278E-05,124
,,,5.30000143E-05,124
,,,5.320001583E-05,122
,,,5.340001371E-05,122
,,,5.360001524E-05,122
,,,5.380001312E-05,126
,,,5.400001464E-05,124
,,,5.420001253E-05,124
,,,5.440001405E-05,126
,,,5.4600015574E-05,122
,,,5.4800013459E-05,122
,,,5.5000014981E-05,124
,,,5.5200012866E-05,124
,,,5.5400014389E-05,124
,,,5.5600015912E-05,124
,,,5.5800013797E-05,124
,,,5.600001532E-05,124
,,,5.6200013205E-05,124
,,,5.6400014728E-05,124
,,,5.6600012613E-05,122
,,,5.6800014136E-05,124
,,,5.7000015659E-05,122
,,,5.7200013543E-05,124
,,,5.7400015066E-05,122
,,,5.7600012951E-05,120
,,,5.7800014474E-05,122
,,,5.8000015997E-05,124
,,,5.8200013882E-05,124
,,,5.8400015405E-05,124
,,,5.860001329E-05,122
,,,5.8800014813E-05,120
,,,5.9000012698E-05,120
,,,5.9200014221E-05,122
,,,5.9400015743E-05,122
,,,5.9600013628E-05,122
,,,5.9800015151E-05,122
,,,6.0000013036E-05,122
,,,6.0200014559E-05,120
,,,6.0400016082E-05,120
,,,6.0600013967E-05,120
,,,6.080001549E-05,120
,,,6.1000013375E-05,120
,,,6.1200014898E-05,120
,,,6.1400016421E-05,122
,,,6.1600017943E-05,120
,,,6.180001219E-05,122
,,,6.2000013713E-05,120
,,,6.2200015236E-05,118
,,,6.2400016759E-05,120
,,,6.2600011006E-05,120
,,,6.2800012529E-05,118
,,,6.3000014052E-05,120
,,,6.3200015575E-05,118
,,,6.3400017098E-05,120
,,,6.3600011345E-05,118
,,,6.3800012867E-05,118
,,,6.400001439E-05,118
,,,6.4200015913E-05,118
,,,6.4400017436E-05,120
,,,6.4600011683E-05,120
,,,6.4800013206E-05,118
,,,6.5000014729E-05,118
,,,6.5200016252E-05,120
,,,6.5400017775E-05,118
,,,6.5600012022E-05,118
,,,6.5800013545E-05,116
,,,6.6000015067E-05,118
,,,6.620001659E-05,116
,,,6.6400010837E-05,116
,,,6.660001236E-05,116
,,,6.6800013883E-05,116
,,,6.7000015406E-05,116
,,,6.7200016929E-05,116
,,,6.7400011176E-05,116
,,,6.7600012699E-05,116
,,,6.7800014222E-05,116
,,,6.8000015744E-05,116
,,,6.8200017267E-05,116
,,,6.8400011514E-05,116
,,,6.8600013037E-05,114
,,,6.880001456E-05,114
,,,6.9000016083E-05,114
,,,6.9200017606E-05,114
,,,6.9400011853E-05,114
,,,6.9600013376E-05,114
,,,6.9800014899E-05,112
,,,7.0000016422E-05,114
,,,7.0200017944E-05,112
,,,7.0400012191E-05,116
,,,7.0600013714E-05,112
,,,7.0800015237E-05,112
,,,7.100001676E-05,110
,,,7.1200011007E-05,110
,,,7.140001253E-05,114
,,,7.1600014053E-05,112
,,,7.1800015576E-05,112
,,,7.2000017099E-05,114
,,,7.2200011346E-05,112
,,,7.2400012868E-05,112
,,,7.2600014391E-05,112
,,,7.2800015914E-05,110
,,,7.3000017437E-05,110
,,,7.3200011684E-05,110
,,,7.3400013207E-05,112
,,,7.360001473E-05,112
,,,7.3800016253E-05,108
,,,7.4000017776E-05,110
,,,7.4200012023E-05,110
,,,7.4400013546E-05,110
,,,7.4600015068E-05,110
,,,7.4800016591E-05,110
,,,7.5000018114E-05,108
,,,7.5200012361E-05,108
,,,7.5400013884E-05,108
,,,7.5600015407E-05,108
,,,7.580001693E-05,110
,,,7.6000011177E-05,106
,,,7.62000127E-05,108
,,,7.6400014223E-05,110
,,,7.6600015745E-05,108
,,,7.6800017268E-05,106
,,,7.7000011515E-05,110
,,,7.7200013038E-05,106
,,,7.7400014561E-05,106
,,,7.7600016084E-05,106
,,,7.7800017607E-05,106
,,,7.8000011854E-05,108
,,,7.8200013377E-05,108
,,,7.84000149E-05,108
,,,7.8600016423E-05,108
,,,7.8800017945E-05,104
,,,7.9000012192E-05,106
,,,7.9200013715E-05,106
,,,7.9400015238E-05,106
,,,7.9600016761E-05,104
,,,7.9800011008E-05,104
,,,8.0000012531E-05,104
,,,8.0200014054E-05,106
,,,8.0400015577E-05,106
,,,8.06000171E-05,104
,,,8.0800011347E-05,104
,,,8.1000012869E-05,104
,,,8.1200014392E-05,104
,,,8.1400015915E-05,102
,,,8.1600017438E-05,104
,,,8.1800011685E-05,106
,,,8.2000013208E-05,102
,,,8.2200014731E-05,102
,,,8.2400016254E-05,102
,,,8.2600017777E-05,104
,,,8.2800012024E-05,102
,,,8.3000013547E-05,104
,,,8.3200015069E-05,102
,,,8.3400016592E-05,102
,,,8.3600018115E-05,100
,,,8.3800012362E-05,102
,,,8.4000013885E-05,100
,,,8.4200015408E-05,100
,,,8.4400016931E-05,102
,,,8.4600011178E-05,102
,,,8.4800012701E-05,100
,,,8.5000014224E-05,102
,,,8.5200015747E-05,100
,,,8.5400017269E-05,100
,,,8.5600011516E-05,100
,,,8.5800013039E-05,100
,,,8.6000014562E-05,100
,,,8.6200016085E-05,100
,,,8.6400017608E-05,98
,,,8.6600011855E-05,98
,,,8.6800013378E-05,100
,,,8.7000014901E-05,98
,,,8.7200016424E-05,98
,,,8.7400017946E-05,98
,,,8.7600012193E-05,96
,,,8.7800013716E-05,98
,,,8.8000015239E-05,98
,,,8.8200016762E-05,98
,,,8.8400018285E-05,96
,,,8.8600012532E-05,96
,,,8.8800014055E-05,98
,,,8.9000015578E-05,96
,,,8.9200017101E-05,96
,,,8.9400011348E-05,96
,,,8.9600012871E-05,98
,,,8.9800014393E-05,96
,,,9.0000015916E-05,96
,,,9.0200017439E-05,94
,,,9.0400011686E-05,94
,,,9.0600013209E-05,94
,,,9.0800014732E-05,92
,,,9.1000016255E-05,92
,,,9.1200017778E-05,92
,,,9.1400012025E-05,92
,,,9.1600013548E-05,92
,,,9.180001507E-05,92
,,,9.2000016593E-05,92
,,,9.2200018116E-05,94
,,,9.2400012363E-05,92
,,,9.2600013886E-05,92
,,,9.2800015409E-05,92
,,,9.3000016932E-05,88
,,,9.3200011179E-05,88
,,,9.3400012702E-05,88
,,,9.3600014225E-05,86
,,,9.3800015748E-05,90
,,,9.400001727E-05,90
,,,9.4200011517E-05,88
,,,9.440001304E-05,88
,,,9.4600014563E-05,90
,,,9.4800016086E-05,88
,,,9.5000017609E-05,88
,,,9.5200011856E-05,84
,,,9.5400013379E-05,88
,,,9.5600014902E-05,86
,,,9.5800016425E-05,84
,,,9.6000017948E-05,88
,,,9.6200012194E-05,86
,,,9.6400013717E-05,86
,,,9.660001524E-05,82
,,,9.6800016763E-05,84
,,,9.7000018286E-05,84
,,,9.7200012533E-05,82
,,,9.7400014056E-05,84
,,,9.7600015579E-05,84
,,,9.7800017102E-05,82
,,,9.8000011349E-05,82
,,,9.8200012872E-05,84
,,,9.8400014394E-05,80
,,,9.8600015917E-05,82
,,,9.880001744E-05,80
,,,9.9000011687E-05,78
,,,9.920001321E-05,80
,,,9.9400014733E-05,80
,,,9.9600016256E-05,80
,,,9.9800017779E-05,78
,,,0.000100000012,78
,,,0.0001002000135,78
,,,0.0001004000151,78
,,,0.0001006000166,78
,,,0.0001008000181,76
,,,0.0001010000124,76
,,,0.0001012000139,76
,,,0.0001014000154,74
,,,0.0001016000169,76
,,,0.0001018000112,74
,,,0.0001020000127,72
,,,0.0001022000142,74
,,,0.0001024000157,74
,,,0.0001026000173,76
,,,0.0001028000115,74
,,,0.000103000013,72
,,,0.0001032000146,72
,,,0.0001034000161,72
,,,0.0001036000176,72
,,,0.0001038000119,70
,,,0.0001040000134,70
,,,0.0001042000149,70
,,,0.0001044000164,70
,,,0.0001046000179,68
,,,0.0001048000122,70
,,,0.0001050000137,68
,,,0.0001052000152,68
,,,0.0001054000168,68
,,,0.0001056000183,68
,,,0.0001058000125,66
,,,0.0001060000141,66
,,,0.0001062000156,64
,,,0.0001064000171,66
,,,0.0001066000113,64
,,,0.0001068000129,64
,,,0.0001070000144,64
,,,0.0001072000159,64
,,,0.0001074000174,66
,,,0.0001076000117,64
,,,0.0001078000132,64
,,,0.0001080000147,64
,,,0.0001082000163,62
,,,0.0001084000178,62
,,,0.000108600012,62
,,,0.0001088000135,60
,,,0.0001090000151,60
,,,0.0001092000166,60
,,,0.0001094000181,60
,,,0.0001096000124,58
,,,0.0001098000139,58
,,,0.0001100000154,58
,,,0.0001102000169,58
,,,0.0001104000185,56
,,,0.0001106000127,56
,,,0.0001108000142,56
,,,0.0001110000157,56
,,,0.0001112000173,56
,,,0.0001114000115,56
,,,0.000111600013,54
,,,0.0001118000146,54
,,,0.0001120000161,54
,,,0.0001122000176,54
,,,0.0001124000119,54
,,,0.0001126000134,52
,,,0.0001128000149,52
,,,0.0001130000164,52
,,,0.0001132000179,50
,,,0.0001134000122,48
,,,0.0001136000137,50
,,,0.0001138000152,52
,,,0.0001140000168,50
,,,0.0001142000183,52
,,,0.0001144000125,48
,,,0.0001146000141,48
,,,0.0001148000156,48
,,,0.0001150000171,48
,,,0.0001152000114,48
,,,0.0001154000129,46
,,,0.0001156000144,46
,,,0.0001158000159,46
,,,0.0001160000174,48
,,,0.0001162000117,46
,,,0.0001164000132,44
,,,0.0001166000147,44
,,,0.0001168000163,46
,,,0.0001170000178,42
,,,0.000117200012,44
,,,0.0001174000136,42
,,,0.0001176000151,44
,,,0.0001178000166,42
,,,0.0001180000181,42
,,,0.0001182000124,40
,,,0.0001184000139,38
,,,0.0001186000154,40
,,,0.0001188000169,38
,,,0.0001190000185,40
,,,0.0001192000127,40
,,,0.0001194000142,38
,,,0.0001196000158,34
,,,0.0001198000173,38
,,,0.0001200000115,34
,,,0.000120200013,36
,,,0.0001204000146,34
,,,0.0001206000161,36
,,,0.0001208000176,34
,,,0.0001210000119,34
,,,0.0001212000134,34
,,,0.0001214000149,34
,,,0.0001216000164,32
,,,0.000121800018,32
,,,0.0001220000122,32
,,,0.0001222000137,30
,,,0.0001224000152,32
,,,0.0001226000168,30
,,,0.0001228000183,30
,,,0.0001230000198,32
,,,0.0001232000213,30
,,,0.0001234000083,30
,,,0.0001236000098,30
,,,0.0001238000114,28
,,,0.0001240000129,28
,,,0.0001242000144,26
,,,0.0001244000159,28
,,,0.0001246000174,28
,,,0.000124800019,24
,,,0.0001250000205,26
,,,0.000125200022,26
,,,0.000125400009,24
,,,0.0001256000105,24
,,,0.000125800012,24
,,,0.0001260000136,24
,,,0.0001262000151,22
,,,0.0001264000166,22
,,,0.0001266000181,20
,,,0.0001268000196,22
,,,0.0001270000212,20
,,,0.0001272000081,22
,,,0.0001274000097,22
,,,0.0001276000112,20
,,,0.0001278000127,22
,,,0.0001280000142,20
,,,0.0001282000158,18
,,,0.0001284000173,18
,,,0.0001286000188,16
,,,0.0001288000203,18
,,,0.0001290000218,16
,,,0.0001292000088,16
,,,0.0001294000103,14
,,,0.0001296000119,16
,,,0.0001298000134,14
,,,0.0001300000149,14
,,,0.0001302000164,14
,,,0.000130400018,14
,,,0.0001306000195,12
,,,0.000130800021,12
,,,0.000131000008,12
,,,0.0001312000095,12
,,,0.000131400011,12
,,,0.0001316000125,12
,,,0.0001318000141,12
,,,0.0001320000156,12
,,,0.0001322000171,10
,,,0.0001324000186,10
,,,0.0001326000202,8
,,,0.0001328000217,8
,,,0.0001330000086,8
,,,0.0001332000102,8
,,,0.0001334000117,6
,,,0.0001336000132,8
,,,0.0001338000147,6
,,,0.0001340000163,8
,,,0.0001342000178,6
,,,0.0001344000193,4
,,,0.0001346000208,4
,,,0.0001348000224,4
,,,0.0001350000093,2
,,,0.0001352000108,2
,,,0.0001354000124,4
,,,0.0001356000139,2
,,,0.0001358000154,2
,,,0.0001360000169,2
,,,0.0001362000185,2
,,,0.00013640002,0
,,,0.0001366000215,-2
,,,0.0001368000085,-2
,,,0.00013700001,0
,,,0.0001372000115,-2
,,,0.000137400013,-2
,,,0.0001376000146,-2
,,,0.0001378000161,-2
,,,0.0001380000176,-4
,,,0.0001382000191,-4
,,,0.0001384000207,-4
,,,0.0001386000222,-6
,,,0.0001388000092,-4
,,,0.0001390000107,-6
,,,0.0001392000122,-6
,,,0.0001394000137,-6
,,,0.0001396000152,-6
,,,0.0001398000168,-8
,,,0.0001400000183,-8
,,,0.0001402000198,-8
,,,0.0001404000213,-8
,,,0.0001406000083,-8
,,,0.0001408000098,-10
,,,0.0001410000114,-10
,,,0.0001412000129,-10
,,,0.0001414000144,-12
,,,0.0001416000159,-12
,,,0.0001418000174,-10
,,,0.000142000019,-12
,,,0.0001422000205,-12
,,,0.000142400022,-12
,,,0.000142600009,-12
,,,0.0001428000105,-14
,,,0.000143000012,-12
,,,0.0001432000136,-16
,,,0.0001434000151,-16
,,,0.0001436000166,-16
,,,0.0001438000181,-16
,,,0.0001440000196,-16
,,,0.0001442000212,-16
,,,0.0001444000081,-16
,,,0.0001446000097,-18
,,,0.0001448000112,-18
,,,0.0001450000127,-18
,,,0.0001452000142,-20
,,,0.0001454000158,-18
,,,0.0001456000173,-20
,,,0.0001458000188,-22
,,,0.0001460000203,-22
,,,0.0001462000218,-22
,,,0.0001464000088,-22
,,,0.0001466000103,-24
,,,0.0001468000119,-24
,,,0.0001470000134,-22
,,,0.0001472000149,-24
,,,0.0001474000164,-24
,,,0.000147600018,-24
,,,0.0001478000195,-24
,,,0.000148000021,-26
,,,0.0001482000225,-26
,,,0.0001484000095,-26
,,,0.00014860001102,-28
,,,0.00014880001254,-26
,,,0.00014900001406,-26
,,,0.00014920001558,-30
,,,0.00014940001711,-30
,,,0.00014960001863,-30
,,,0.00014980002015,-30
,,,0.00015000002168,-30
,,,0.00015020000865,-32
,,,0.00015040001017,-32
,,,0.00015060001169,-34
,,,0.00015080001322,-32
,,,0.00015100001474,-32
,,,0.00015120001626,-32
,,,0.00015140001778,-34
,,,0.00015160001931,-34
,,,0.00015180002083,-36
,,,0.00015200002235,-34
,,,0.00015220000932,-36
,,,0.00015240001085,-36
,,,0.00015260001237,-38
,,,0.00015280001389,-38
,,,0.00015300001542,-38
,,,0.00015320001694,-40
,,,0.00015340001846,-40
,,,0.00015360001998,-40
,,,0.00015380002151,-40
,,,0.00015400000848,-38
,,,0.00015420001,-42
,,,0.00015440001152,-42
,,,0.00015460001305,-42
,,,0.00015480001457,-42
,,,0.00015500001609,-42
,,,0.00015520001762,-44
,,,0.00015540001914,-46
,,,0.00015560002066,-44
,,,0.00015580002218,-44
,,,0.00015600000916,-48
,,,0.00015620001068,-48
,,,0.0001564000122,-46
,,,0.00015660001372,-48
,,,0.00015680001525,-48
,,,0.00015700001677,-46
,,,0.00015720001829,-48
,,,0.00015740001982,-50
,,,0.00015760002134,-50
,,,0.00015780000831,-50
,,,0.00015800000983,-50
,,,0.00015820001136,-50
,,,0.00015840001288,-52
,,,0.0001586000144,-52
,,,0.00015880001592,-52
,,,0.00015900001745,-52
,,,0.00015920001897,-54
,,,0.00015940002049,-54
,,,0.00015960002202,-54
,,,0.00015980000899,-54
,,,0.00016000001051,-54
,,,0.00016020001203,-54
,,,0.00016040001356,-56
,,,0.00016060001508,-56
,,,0.0001608000166,-56
,,,0.00016100001812,-58
,,,0.00016120001965,-58
,,,0.00016140002117,-60
,,,0.00016160002269,-56
,,,0.00016180000966,-60
,,,0.00016200001119,-60
,,,0.00016220001271,-62
,,,0.00016240001423,-60
,,,0.00016260001576,-62
,,,0.00016280001728,-62
,,,0.0001630000188,-60
,,,0.00016320002032,-62
,,,0.00016340002185,-64
,,,0.00016360000882,-62
,,,0.00016380001034,-66
,,,0.00016400001186,-62
,,,0.00016420001339,-64
,,,0.00016440001491,-64
,,,0.00016460001643,-66
,,,0.00016480001796,-66
,,,0.00016500001948,-68
,,,0.000165200021,-68
,,,0.00016540002252,-68
,,,0.0001656000095,-68
,,,0.00016580001102,-68
,,,0.00016600001254,-68
,,,0.00016620001406,-70
,,,0.00016640001559,-72
,,,0.00016660001711,-72
,,,0.00016680001863,-72
,,,0.00016700002016,-72
,,,0.00016720002168,-72
,,,0.00016740000865,-72
,,,0.00016760001017,-74
,,,0.0001678000117,-74
,,,0.00016800001322,-74
,,,0.00016820001474,-74
,,,0.00016840001626,-76
,,,0.00016860001779,-76
,,,0.00016880001931,-76
,,,0.00016900002083,-80
,,,0.00016920002236,-78
,,,0.00016940000933,-80
,,,0.00016960001085,-80
,,,0.00016980001237,-80
,,,0.0001700000139,-80
,,,0.00017020001542,-80
,,,0.00017040001694,-82
,,,0.00017060001846,-82
,,,0.00017080001999,-82
,,,0.00017100002151,-82
,,,0.00017120000848,-82
,,,0.00017140001,-82
,,,0.00017160001153,-84
,,,0.00017180001305,-86
,,,0.00017200001457,-86
,,,0.0001722000161,-86
,,,0.00017240001762,-88
,,,0.00017260001914,-86
,,,0.00017280002066,-88
,,,0.00017300002219,-86
,,,0.00017320000916,-86
,,,0.00017340001068,-90
,,,0.0001736000122,-88
,,,0.00017380001373,-90
,,,0.00017400001525,-90
,,,0.00017420001677,-90
,,,0.0001744000183,-90
,,,0.00017460001982,-92
,,,0.00017480002134,-92
,,,0.00017500002286,-92
,,,0.00017520000983,-94
,,,0.00017540001136,-92
,,,0.00017560001288,-94
,,,0.0001758000144,-98
,,,0.00017600001593,-96
,,,0.00017620001745,-94
,,,0.00017640001897,-96
,,,0.0001766000205,-94
,,,0.00017680002202,-96
,,,0.00017700000899,-96
,,,0.00017720001051,-98
,,,0.00017740001203,-98
,,,0.00017760001356,-96
,,,0.00017780001508,-102
,,,0.0001780000166,-98
,,,0.00017820001813,-100
,,,0.00017840001965,-102
,,,0.00017860002117,-100
,,,0.0001788000227,-100
,,,0.00017900000967,-102
,,,0.00017920001119,-104
,,,0.00017940001271,-102
,,,0.00017960001423,-104
,,,0.00017980001576,-106
,,,0.00018000001728,-104
,,,0.0001802000188,-106
,,,0.00018040002033,-106
,,,0.00018060002185,-106
,,,0.00018080000882,-106
,,,0.00018100001034,-108
,,,0.00018120001187,-108
,,,0.00018140001339,-106
,,,0.00018160001491,-108
,,,0.00018180001643,-108
,,,0.00018200001796,-108
,,,0.00018220001948,-110
,,,0.000182400021,-110
,,,0.00018260002253,-108
,,,0.0001828000095,-110
,,,0.00018300001102,-112
,,,0.00018320001254,-110
,,,0.00018340001407,-112
,,,0.00018360001559,-114
,,,0.00018380001711,-112
,,,0.00018400001863,-114
,,,0.00018420002016,-114
,,,0.00018440002168,-114
,,,0.00018460000865,-116
,,,0.00018480001017,-116
,,,0.0001850000117,-116
,,,0.00018520001322,-114
,,,0.00018540001474,-116
,,,0.00018560001627,-116
,,,0.00018580001779,-116
,,,0.00018600001931,-118
,,,0.00018620002083,-118
,,,0.00018640002236,-118
,,,0.00018660000933,-116
,,,0.00018680001085,-118
,,,0.00018700001237,-120
,,,0.0001872000139,-120
,,,0.00018740001542,-118
,,,0.00018760001694,-118
,,,0.00018780001847,-118
,,,0.00018800001999,-120
,,,0.00018820002151,-120
,,,0.00018840002303,-122
,,,0.00018860001001,-120
,,,0.00018880001153,-124
,,,0.00018900001305,-122
,,,0.00018920001457,-124
,,,0.0001894000161,-124
,,,0.00018960001762,-124
,,,0.00018980001914,-124
,,,0.00019000002067,-126
,,,0.00019020002219,-126
,,,0.00019040000916,-126
,,,0.00019060001068,-128
,,,0.00019080001221,-126
,,,0.00019100001373,-126
,,,0.00019120001525,-128
,,,0.00019140001677,-126
,,,0.0001916000183,-128
,,,0.00019180001982,-130
,,,0.00019200002134,-128
,,,0.00019220002287,-128
,,,0.00019240000984,-130
,,,0.00019260001136,-130
,,,0.00019280001288,-130
,,,0.00019300001441,-130
,,,0.00019320001593,-130
,,,0.00019340001745,-132
,,,0.00019360001897,-130
,,,0.0001938000205,-130
,,,0.00019400002202,-130
,,,0.00019420000899,-132
,,,0.00019440001051,-132
,,,0.00019460001204,-132
,,,0.00019480001356,-132
,,,0.00019500001508,-132
,,,0.00019520001661,-134
,,,0.00019540001813,-130
,,,0.00019560001965,-134
,,,0.00019580002117,-134
,,,0.0001960000227,-134
,,,0.00019620000967,-134
,,,0.00019640001119,-134
,,,0.00019660001271,-134
,,,0.00019680001424,-132
,,,0.00019700001576,-134
,,,0.00019720001728,-132
,,,0.00019740001881,-136
,,,0.00019760002033,-132
,,,0.00019780002185,-134
,,,0.00019800000882,-134
,,,0.00019820001035,-136
,,,0.00019840001187,-134
,,,0.00019860001339,-136
,,,0.00019880001491,-136
,,,0.00019900001644,-134
,,,0.00019920001796,-134
,,,0.00019940001948,-134
,,,0.00019960002101,-134
,,,0.00019980002253,-136
,,,0.0002000000095,-136
,,,0.00020020001102,-136
,,,0.00020040001255,-134
,,,0.00020060001407,-136
,,,0.00020080001559,-136
,,,0.00020100001711,-136
,,,0.00020120001864,-136
,,,0.00020140002016,-134
,,,0.00020160002168,-134
,,,0.00020180002321,-136
,,,0.00020200001018,-134
,,,0.0002022000117,-134
,,,0.00020240001322,-136
,,,0.00020260001475,-134
,,,0.00020280001627,-134
,,,0.00020300001779,-136
,,,0.00020320001931,-134
,,,0.00020340002084,-134
,,,0.00020360002236,-134
,,,0.00020380000933,-134
,,,0.00020400001085,-134
,,,0.00020420001238,-134
,,,0.0002044000139,-136
,,,0.00020460001542,-134
,,,0.00020480001695,-134
,,,0.00020500001847,-134
,,,0.00020520001999,-134
,,,0.00020540002151,-134
,,,0.00020560002304,-136
,,,0.00020580001001,-136
,,,0.00020600001153,-134
,,,0.00020620001305,-134
,,,0.00020640001458,-134
,,,0.0002066000161,-136
,,,0.00020680001762,-132
,,,0.00020700001915,-134
,,,0.00020720002067,-132
,,,0.00020740002219,-134
,,,0.00020760000916,-134
,,,0.00020780001068,-134
,,,0.00020800001221,-132
,,,0.00020820001373,-134
,,,0.00020840001525,-132
,,,0.00020860001678,-134
,,,0.0002088000183,-130
,,,0.00020900001982,-132
,,,0.00020920002135,-130
,,,0.00020940002287,-132
,,,0.00020960000984,-132
,,,0.00020980001136,-132
,,,0.00021000001288,-134
,,,0.00021020001441,-130
,,,0.00021040001593,-132
,,,0.00021060001745,-132
,,,0.00021080001898,-130
,,,0.0002110000205,-132
,,,0.00021120002202,-130
,,,0.00021140000899,-132
,,,0.00021160001052,-132
,,,0.00021180001204,-130
,,,0.00021200001356,-132
,,,0.00021220001508,-132
,,,0.00021240001661,-130
,,,0.00021260001813,-132
,,,0.00021280001965,-132
,,,0.00021300002118,-130
,,,0.0002132000227,-132
,,,0.00021340000967,-128
,,,0.00021360001119,-130
,,,0.00021380001272,-130
,,,0.00021400001424,-128
,,,0.00021420001576,-130
,,,0.00021440001728,-130
,,,0.00021460001881,-128
,,,0.00021480002033,-130
,,,0.00021500002185,-128
,,,0.00021520002338,-130
,,,0.00021540001035,-128
,,,0.00021560001187,-128
,,,0.00021580001339,-128
,,,0.00021600001492,-128
,,,0.00021620001644,-128
,,,0.00021640001796,-128
,,,0.00021660001948,-126
,,,0.00021680002101,-126
,,,0.00021700002253,-126
,,,0.0002172000095,-126
,,,0.00021740001102,-128
,,,0.00021760001255,-126
,,,0.00021780001407,-128
,,,0.00021800001559,-126
,,,0.00021820001712,-124
,,,0.00021840001864,-126
,,,0.00021860002016,-124
,,,0.00021880002168,-124
,,,0.00021900002321,-124
,,,0.00021920001018,-124
,,,0.0002194000117,-124
,,,0.00021960001322,-122
,,,0.00021980001475,-124
,,,0.00022000001627,-124
,,,0.00022020001779,-124
,,,0.00022040001932,-122
,,,0.00022060002084,-122
,,,0.00022080002236,-126
,,,0.00022100000933,-122
,,,0.00022120001086,-124
,,,0.00022140001238,-122
,,,0.0002216000139,-122
,,,0.00022180001542,-122
,,,0.00022200001695,-124
,,,0.00022220001847,-120
,,,0.00022240001999,-122
,,,0.00022260002152,-122
,,,0.00022280002304,-122
,,,0.00022300001001,-122
,,,0.00022320001153,-120
,,,0.00022340001306,-120
,,,0.00022360001458,-118
,,,0.0002238000161,-120
,,,0.00022400001762,-120
,,,0.00022420001915,-120
,,,0.00022440002067,-120
,,,0.00022460002219,-118
,,,0.00022480000916,-118
,,,0.00022500001069,-120
,,,0.00022520001221,-116
,,,0.00022540001373,-116
,,,0.00022560001526,-116
,,,0.00022580001678,-114
,,,0.0002260000183,-116
,,,0.00022620001982,-116
,,,0.00022640002135,-114
,,,0.00022660002287,-112
,,,0.00022680000984,-114
,,,0.00022700001136,-116
,,,0.00022720001289,-114
,,,0.00022740001441,-112
,,,0.00022760001593,-112
,,,0.00022780001746,-110
,,,0.00022800001898,-114
,,,0.0002282000205,-110
,,,0.00022840002202,-112
,,,0.00022860002355,-110
,,,0.00022880001052,-110
,,,0.00022900001204,-110
,,,0.00022920001356,-110
,,,0.00022940001509,-108
,,,0.00022960001661,-108
,,,0.00022980001813,-108
